,.id, .transactions.first_gift_year, .transactions.lapsed_total_amount, .transactions.recovered_total_amount, .transactions.lapsed_count, .transactions.recovered_count, .transactions.max_consecutive_giving_years, .transactions.total_giving_years, .transactions.amount_in_year.in.2013-01-01,  .transactions.amount_in_year.in.2014-01-01,  .transactions.amount_in_year.in.2015-01-01,  .transactions.amount_in_year.in.2016-01-01,  .transactions.amount_in_year.in.2017-01-01, .transactions.count_in_year.in.2013-01-01,  .transactions.count_in_year.in.2014-01-01,  .transactions.count_in_year.in.2015-01-01,  .transactions.count_in_year.in.2016-01-01,  .transactions.count_in_year.in.2017-01-01, .transactions.lapsed_amount_in_year.in.2013-01-01,  .transactions.lapsed_amount_in_year.in.2014-01-01,  .transactions.lapsed_amount_in_year.in.2015-01-01,  .transactions.lapsed_amount_in_year.in.2016-01-01,  .transactions.lapsed_amount_in_year.in.2017-01-01, .transactions.upgraded_amount_in_year.in.2013-01-01,  .transactions.upgraded_amount_in_year.in.2014-01-01,  .transactions.upgraded_amount_in_year.in.2015-01-01,  .transactions.upgraded_amount_in_year.in.2016-01-01,  .transactions.upgraded_amount_in_year.in.2017-01-01, .transactions.downgraded_amount_in_year.in.2013-01-01,  .transactions.downgraded_amount_in_year.in.2014-01-01,  .transactions.downgraded_amount_in_year.in.2015-01-01,  .transactions.downgraded_amount_in_year.in.2016-01-01,  .transactions.downgraded_amount_in_year.in.2017-01-01, .transactions.cohort_amount_in_year.in.0,  .transactions.cohort_amount_in_year.in.1,  .transactions.cohort_amount_in_year.in.2,  .transactions.cohort_amount_in_year.in.3,  .transactions.cohort_amount_in_year.in.4, .transactions.cohort_count_in_year.in.0,  .transactions.cohort_count_in_year.in.1,  .transactions.cohort_count_in_year.in.2,  .transactions.cohort_count_in_year.in.3,  .transactions.cohort_count_in_year.in.4, .transactions.cohort_lapsed_amount_in_year.in.0,  .transactions.cohort_lapsed_amount_in_year.in.1,  .transactions.cohort_lapsed_amount_in_year.in.2,  .transactions.cohort_lapsed_amount_in_year.in.3,  .transactions.cohort_lapsed_amount_in_year.in.4, .transactions.cohort_upgraded_amount_in_year.in.0,  .transactions.cohort_upgraded_amount_in_year.in.1,  .transactions.cohort_upgraded_amount_in_year.in.2,  .transactions.cohort_upgraded_amount_in_year.in.3,  .transactions.cohort_upgraded_amount_in_year.in.4, .transactions.cohort_downgraded_amount_in_year.in.0,  .transactions.cohort_downgraded_amount_in_year.in.1,  .transactions.cohort_downgraded_amount_in_year.in.2,  .transactions.cohort_downgraded_amount_in_year.in.3,  .transactions.cohort_downgraded_amount_in_year.in.4, .transactions.amount_in_month.in.2013-01-01, .transactions.amount_in_month.in.2013-02-01, .transactions.amount_in_month.in.2013-03-01, .transactions.amount_in_month.in.2013-04-01, .transactions.amount_in_month.in.2013-05-01, .transactions.amount_in_month.in.2013-06-01, .transactions.amount_in_month.in.2013-07-01, .transactions.amount_in_month.in.2013-08-01, .transactions.amount_in_month.in.2013-09-01, .transactions.amount_in_month.in.2013-10-01, .transactions.amount_in_month.in.2013-11-01, .transactions.amount_in_month.in.2013-12-01, .transactions.amount_in_month.in.2014-01-01, .transactions.amount_in_month.in.2014-02-01, .transactions.amount_in_month.in.2014-03-01, .transactions.amount_in_month.in.2014-04-01, .transactions.amount_in_month.in.2014-05-01, .transactions.amount_in_month.in.2014-06-01, .transactions.amount_in_month.in.2014-07-01, .transactions.amount_in_month.in.2014-08-01, .transactions.amount_in_month.in.2014-09-01, .transactions.amount_in_month.in.2014-10-01, .transactions.amount_in_month.in.2014-11-01, .transactions.amount_in_month.in.2014-12-01, .transactions.amount_in_month.in.2015-01-01, .transactions.amount_in_month.in.2015-02-01, .transactions.amount_in_month.in.2015-03-01, .transactions.amount_in_month.in.2015-04-01, .transactions.amount_in_month.in.2015-05-01, .transactions.amount_in_month.in.2015-06-01, .transactions.amount_in_month.in.2015-07-01, .transactions.amount_in_month.in.2015-08-01, .transactions.amount_in_month.in.2015-09-01, .transactions.amount_in_month.in.2015-10-01, .transactions.amount_in_month.in.2015-11-01, .transactions.amount_in_month.in.2015-12-01, .transactions.amount_in_month.in.2016-01-01, .transactions.amount_in_month.in.2016-02-01, .transactions.amount_in_month.in.2016-03-01, .transactions.amount_in_month.in.2016-04-01, .transactions.amount_in_month.in.2016-05-01, .transactions.amount_in_month.in.2016-06-01, .transactions.amount_in_month.in.2016-07-01, .transactions.amount_in_month.in.2016-08-01, .transactions.amount_in_month.in.2016-09-01, .transactions.amount_in_month.in.2016-10-01, .transactions.amount_in_month.in.2016-11-01, .transactions.amount_in_month.in.2016-12-01, .transactions.amount_in_month.in.2017-01-01, .transactions.amount_in_month.in.2017-02-01, .transactions.amount_in_month.in.2017-03-01, .transactions.amount_in_month.in.2017-04-01, .transactions.amount_in_month.in.2017-05-01, .transactions.amount_in_month.in.2017-06-01, .transactions.amount_in_month.in.2017-07-01, .transactions.amount_in_month.in.2017-08-01, .transactions.amount_in_month.in.2017-09-01, .transactions.amount_in_month.in.2017-10-01, .transactions.amount_in_month.in.2017-11-01, .transactions.amount_in_month.in.2017-12-01, .transactions.lifecycle_initial, .transactions.lifecycle_first_gift, .transactions.lifecycle_second_year, .transactions.lifecycle_second_with_gap, .transactions.lifecycle_multi_year, .transactions.lifecycle_key_multi_year, .transactions.lifecycle_recovered_multi_year, .transactions.lifecycle_inconsistent_multi_year , .transactions.lifecycle_recovered_key_multi_year, .transactions.lifecycle_lapsed_after_first, .transactions.lifecycle_lapsed_after_first_long, .transactions.lifecycle_lapsed_after_second, .transactions.lifecycle_lapsed_multi_year, .transactions.lifecycle_lapsed_long_multi_year, .transactions.lifecycle_lapsed_key_multi_year, .transactions.lifecycle_lapsed_long, .transactions.lifecycle_cohort_0_first_gift, .transactions.lifecycle_cohort_1_lapsed_after_first, .transactions.lifecycle_cohort_1_second_year, .transactions.lifecycle_cohort_2_lapsed_after_first_long, .transactions.lifecycle_cohort_2_lapsed_after_second, .transactions.lifecycle_cohort_2_multi_year, .transactions.lifecycle_cohort_2_second_with_gap, .transactions.lifecycle_cohort_3_first_gift, .transactions.lifecycle_cohort_3_inconsistent_multi_year, .transactions.lifecycle_cohort_3_key_multi_year, .transactions.lifecycle_cohort_3_lapsed_after_second, .transactions.lifecycle_cohort_3_lapsed_long, .transactions.lifecycle_cohort_3_lapsed_multi_year, .transactions.lifecycle_cohort_4_first_gift, .transactions.lifecycle_cohort_4_inconsistent_multi_year, .transactions.lifecycle_cohort_4_key_multi_year, .transactions.lifecycle_cohort_4_lapsed_after_first, .transactions.lifecycle_cohort_4_lapsed_key_multi_year, .transactions.lifecycle_cohort_4_lapsed_long, .transactions.lifecycle_cohort_4_lapsed_long_multi_year, .transactions.lifecycle_cohort_4_lapsed_multi_year, .transactions.lifecycle_cohort_4_multi_year, .transactions.lifecycle_cohort_4_recovered_multi_year, .transactions.lifecycle_cohort_4_second_year, .transactions.lifecycle_cohort_5_first_gift, .transactions.lifecycle_cohort_5_inconsistent_multi_year, .transactions.lifecycle_cohort_5_key_multi_year, .transactions.lifecycle_cohort_5_lapsed_after_first, .transactions.lifecycle_cohort_5_lapsed_after_first_long, .transactions.lifecycle_cohort_5_lapsed_after_second, .transactions.lifecycle_cohort_5_lapsed_key_multi_year, .transactions.lifecycle_cohort_5_lapsed_long, .transactions.lifecycle_cohort_5_lapsed_long_key_multi_year, .transactions.lifecycle_cohort_5_lapsed_long_multi_year, .transactions.lifecycle_cohort_5_lapsed_multi_year, .transactions.lifecycle_cohort_5_multi_year, .transactions.lifecycle_cohort_5_recovered_key_multi_year, .transactions.lifecycle_cohort_5_recovered_multi_year, .transactions.lifecycle_cohort_5_second_with_gap, .transactions.lifecycle_cohort_5_second_year, .transactions.lifecycle_cohort_6_first_gift, .transactions.lifecycle_cohort_6_key_multi_year, .transactions.lifecycle_cohort_6_lapsed_after_first, .transactions.lifecycle_cohort_6_lapsed_after_first_long, .transactions.lifecycle_cohort_6_lapsed_after_second, .transactions.lifecycle_cohort_6_lapsed_key_multi_year, .transactions.lifecycle_cohort_6_lapsed_long, .transactions.lifecycle_cohort_6_lapsed_long_key_multi_year, .transactions.lifecycle_cohort_6_lapsed_long_multi_year, .transactions.lifecycle_cohort_6_multi_year
300418,25eeb5c724ff09d75701d43d40ae3750,2016-01-01,9999,0,2,1,1,1,0,0,0,9999,0,0,0,0,4,0,0,0,0,0,9999,0,0,0,0,0,0,0,0,0,0,9999,0,0,0,0,4,0,0,0,0,0,0,0,0,0,0,0,0,0,0,0,0,0,0,0,0,0,0,0,0,0,0,0,0,0,0,0,0,0,0,0,0,0,0,0,0,0,0,0,0,0,0,0,0,0,0,0,0,0,0,0,0,0,0,0,0,0,0,0,0,0,0,9999,0,0,0,0,0,0,0,0,0,0,0,0,0,0,0,0,0,0,0,0,0,0,1,0,0,0,0,0,1,1,0,1,0,0,0,0,0,0,0,0,0,0,0,0,0,0,0,0,0,0,0,0,0,0,0,0,0,0,0,0,0,0,0,0,0,0,0,0,0,0,0,0,0,0,0,0,0,
632216,4fecc9fa007178912876e80d3fb82514,2013-01-01,7500,0,2,1,1,1,7500,0,0,0,0,1,0,0,0,0,0,7500,0,0,0,0,0,0,0,0,0,0,0,0,0,7500,0,0,0,0,1,0,0,0,0,0,0,0,0,0,0,0,0,0,0,0,0,0,0,0,0,0,7500,0,0,0,0,0,0,0,0,0,0,0,0,0,0,0,0,0,0,0,0,0,0,0,0,0,0,0,0,0,0,0,0,0,0,0,0,0,0,0,0,0,0,0,0,0,0,0,0,0,0,0,0,0,0,0,0,0,0,0,0,0,0,0,0,0,0,0,0,0,0,0,0,1,1,1,0,1,0,0,0,0,0,0,0,1,0,0,0,0,0,0,1,0,0,0,0,0,0,0,0,0,0,0,0,1,0,0,0,0,0,0,0,0,0,0,0,0,0,0,0,0,0,0.0
664498,53ff937a83c1373182944b306dfb0fbb,2013-01-01,12000,0,2,1,1,1,12000,0,0,0,0,3,0,0,0,0,0,12000,0,0,0,0,0,0,0,0,0,0,0,0,0,12000,0,0,0,0,3,0,0,0,0,0,0,0,0,0,0,0,0,0,0,0,0,0,0,0,0,0,0,0,9500,0,0,2500,0,0,0,0,0,0,0,0,0,0,0,0,0,0,0,0,0,0,0,0,0,0,0,0,0,0,0,0,0,0,0,0,0,0,0,0,0,0,0,0,0,0,0,0,0,0,0,0,0,0,0,0,0,0,0,0,0,0,0,0,0,0,0,0,0,0,0,1,1,1,0,1,0,0,0,0,0,0,0,1,0,0,0,0,0,0,1,0,0,0,0,0,0,0,0,0,0,0,0,1,0,0,0,0,0,0,0,0,0,0,0,0,0,0,0,0,0,0.0
961993,798ec6dd012a81d20e8fa549e2855d40,2017-01-01,5000,0,2,1,1,1,0,0,0,0,5000,0,0,0,0,1,0,0,0,0,0,0,0,0,0,0,0,0,0,0,0,5000,0,0,0,0,1,0,0,0,0,0,0,0,0,0,0,0,0,0,0,0,0,0,0,0,0,0,0,0,0,0,0,0,0,0,0,0,0,0,0,0,0,0,0,0,0,0,0,0,0,0,0,0,0,0,0,0,0,0,0,0,0,0,0,0,0,0,0,0,0,0,0,0,0,0,0,0,0,0,0,0,0,0,0,5000,0,0,0,0,0,0,0,0,0,1,0,0,0,0,0,0,1,1,0,0,0,0,0,0,0,0,0,0,0,0,0,0,0,0,0,0,0,0,0,0,0,0,0,0,0,0,0,0,0,0,0,0,0,0,0,0,0,0,0,0,0,0,0,0,0,0.0
112078,0e232c29aeac703f7725dd5022a589ef,2017-01-01,3236,0,2,1,1,1,0,0,0,0,3236,0,0,0,0,1,0,0,0,0,0,0,0,0,0,0,0,0,0,0,0,3236,0,0,0,0,1,0,0,0,0,0,0,0,0,0,0,0,0,0,0,0,0,0,0,0,0,0,0,0,0,0,0,0,0,0,0,0,0,0,0,0,0,0,0,0,0,0,0,0,0,0,0,0,0,0,0,0,0,0,0,0,0,0,0,0,0,0,0,0,0,0,0,0,0,0,0,0,0,0,0,0,0,3236,0,0,0,0,0,0,0,0,0,0,0,1,0,0,0,0,0,0,1,1,0,0,0,0,0,0,0,0,0,0,0,0,0,0,0,0,0,0,0,0,0,0,0,0,0,0,0,0,0,0,0,0,0,0,0,0,0,0,0,0,0,0,0,0,0,0,0,
283637,23d2ae7c0c87285c7876805427edf2bc,2014-01-01,17500,0,2,1,1,1,0,17500,0,0,0,0,2,0,0,0,0,0,17500,0,0,0,0,0,0,0,0,0,0,0,0,17500,0,0,0,0,2,0,0,0,0,0,0,0,0,0,0,0,0,0,0,0,0,0,0,0,0,0,0,0,0,0,0,0,0,0,0,0,0,10000,7500,0,0,0,0,0,0,0,0,0,0,0,0,0,0,0,0,0,0,0,0,0,0,0,0,0,0,0,0,0,0,0,0,0,0,0,0,0,0,0,0,0,0,0,0,0,0,0,0,0,0,0,0,0,0,0,0,0,0,0,0,1,1,1,0,1,0,0,0,0,0,0,0,1,0,0,0,0,0,0,1,0,0,0,0,0,0,0,0,0,0,0,0,0,0,0,0,0,0,0,0,0,0,0,0,0,0,0,0,0,0,
171637,15a951b7e3fd3ab254ea8c4c3834cba3,2018-01-01,0,0,1,1,1,1,0,0,0,0,0,0,0,0,0,0,0,0,0,0,0,0,0,0,0,0,0,0,0,0,0,4000,0,0,0,0,1,0,0,0,0,0,0,0,0,0,0,0,0,0,0,0,0,0,0,0,0,0,0,0,0,0,0,0,0,0,0,0,0,0,0,0,0,0,0,0,0,0,0,0,0,0,0,0,0,0,0,0,0,0,0,0,0,0,0,0,0,0,0,0,0,0,0,0,0,0,0,0,0,0,0,0,0,0,0,0,0,1,0,0,0,0,0,0,0,0,0,0,0,0,0,0,1,0,0,0,0,0,0,0,0,0,0,0,0,0,0,0,0,0,0,0,0,0,0,0,0,0,0,0,0,0,0,0,0,0,0,0,0,0,0,0,0,0,0,0,0,0,0,0,0,
1845540,e95fcc1c06ae1cfa421cf97699d8d84b,2017-01-01,0,0,2,2,2,2,0,0,0,0,27200,0,0,0,0,8,0,0,0,0,0,0,0,0,0,0,0,0,0,0,0,27200,7500,0,0,0,8,2,0,0,0,0,0,0,0,0,0,0,0,0,0,0,19700,0,0,0,0,0,0,0,0,0,0,0,0,0,0,0,0,0,0,0,0,0,0,0,0,0,0,0,0,0,0,0,0,0,0,0,0,0,0,0,0,0,0,0,0,0,0,0,0,0,0,0,0,0,0,0,27200,0,0,0,0,0,0,0,0,0,1,0,0,0,0,0,0,0,0,0,0,0,0,0,1,0,1,0,0,0,0,0,0,0,0,0,0,0,0,0,0,0,0,0,0,0,0,0,0,0,0,0,0,0,0,0,0,0,0,0,0,0,0,0,0,0,0,0,0,0,0,0,0,0.0
1409849,b23ce116697bc92da469294a821476a5,2014-01-01,2500,0,2,1,1,1,0,2500,0,0,0,0,1,0,0,0,0,0,2500,0,0,0,0,0,0,0,0,0,0,0,0,2500,0,0,0,0,1,0,0,0,0,0,0,0,0,0,0,0,0,0,0,0,0,0,0,0,0,0,0,0,0,0,0,0,0,0,0,0,0,0,0,0,0,0,0,2500,0,0,0,0,0,0,0,0,0,0,0,0,0,0,0,0,0,0,0,0,0,0,0,0,0,0,0,0,0,0,0,0,0,0,0,0,0,0,0,0,0,0,0,0,0,0,0,0,0,0,0,0,0,0,0,1,1,1,0,1,0,0,0,0,0,0,0,1,0,0,0,0,0,0,1,0,0,0,0,0,0,0,0,0,0,0,0,0,0,0,0,0,0,0,0,0,0,0,0,0,0,0,0,0,0,0.0
360979,2d9a85300f42ae4dbe167a7293631167,2013-01-01,2500,0,2,1,1,1,2500,0,0,0,0,1,0,0,0,0,0,2500,0,0,0,0,0,0,0,0,0,0,0,0,0,2500,0,0,0,0,1,0,0,0,0,0,0,0,0,0,0,0,0,0,0,0,0,0,0,0,0,0,2500,0,0,0,0,0,0,0,0,0,0,0,0,0,0,0,0,0,0,0,0,0,0,0,0,0,0,0,0,0,0,0,0,0,0,0,0,0,0,0,0,0,0,0,0,0,0,0,0,0,0,0,0,0,0,0,0,0,0,0,0,0,0,0,0,0,0,0,0,0,0,0,0,1,1,1,0,1,0,0,0,0,0,0,0,1,0,0,0,0,0,0,1,0,0,0,0,0,0,0,0,0,0,0,0,1,0,0,0,0,0,0,0,0,0,0,0,0,0,0,0,0,0,
1835832,e81fd48a2caa9a8d6161cba9e1c50369,2015-01-01,2500,0,2,1,1,1,0,0,2500,0,0,0,0,1,0,0,0,0,0,2500,0,0,0,0,0,0,0,0,0,0,0,2500,0,0,0,0,1,0,0,0,0,0,0,0,0,0,0,0,0,0,0,0,0,0,0,0,0,0,0,0,0,0,0,0,0,0,0,0,0,0,0,0,0,0,0,0,0,0,0,0,2500,0,0,0,0,0,0,0,0,0,0,0,0,0,0,0,0,0,0,0,0,0,0,0,0,0,0,0,0,0,0,0,0,0,0,0,0,0,0,0,0,0,0,0,0,0,0,0,0,0,0,1,1,1,0,1,0,0,0,0,0,0,0,1,0,0,0,0,0,0,0,0,0,0,0,0,0,0,0,0,0,0,0,0,0,0,0,0,0,0,0,0,0,0,0,0,0,0,0,0,0,0.0
362447,2dca7502dd7f390225fcb441ae9552b9,2016-01-01,2000,0,2,1,1,1,0,0,0,2000,0,0,0,0,1,0,0,0,0,0,2000,0,0,0,0,0,0,0,0,0,0,2000,0,0,0,0,1,0,0,0,0,0,0,0,0,0,0,0,0,0,0,0,0,0,0,0,0,0,0,0,0,0,0,0,0,0,0,0,0,0,0,0,0,0,0,0,0,0,0,0,0,0,0,0,0,0,0,0,0,0,0,0,0,0,0,0,0,0,0,2000,0,0,0,0,0,0,0,0,0,0,0,0,0,0,0,0,0,0,0,0,0,0,0,0,0,0,1,0,0,0,0,0,1,1,0,1,0,0,0,0,0,0,0,0,0,0,0,0,0,0,0,0,0,0,0,0,0,0,0,0,0,0,0,0,0,0,0,0,0,0,0,0,0,0,0,0,0,0,0,0,0,
1465557,b950c3d1410821f761461698b43ef801,2015-01-01,10000,0,2,1,1,1,0,0,10000,0,0,0,0,1,0,0,0,0,0,10000,0,0,0,0,0,0,0,0,0,0,0,10000,0,0,0,0,1,0,0,0,0,0,0,0,0,0,0,0,0,0,0,0,0,0,0,0,0,0,0,0,0,0,0,0,0,0,0,0,0,0,0,0,0,0,0,0,0,0,0,0,0,0,10000,0,0,0,0,0,0,0,0,0,0,0,0,0,0,0,0,0,0,0,0,0,0,0,0,0,0,0,0,0,0,0,0,0,0,0,0,0,0,0,0,0,0,0,0,0,0,0,0,1,1,1,0,1,0,0,0,0,0,0,0,1,0,0,0,0,0,0,0,0,0,0,0,0,0,0,0,0,0,0,0,0,0,0,0,0,0,0,0,0,0,0,0,0,0,0,0,0,0,0.0
383379,307387ef020f0faedbf5bbfeba0a637d,2018-01-01,0,0,1,1,1,1,0,0,0,0,0,0,0,0,0,0,0,0,0,0,0,0,0,0,0,0,0,0,0,0,0,85518,0,0,0,0,16,0,0,0,0,0,0,0,0,0,0,0,0,0,0,0,0,0,0,0,0,0,0,0,0,0,0,0,0,0,0,0,0,0,0,0,0,0,0,0,0,0,0,0,0,0,0,0,0,0,0,0,0,0,0,0,0,0,0,0,0,0,0,0,0,0,0,0,0,0,0,0,0,0,0,0,0,0,0,0,0,1,0,0,0,0,0,0,0,0,0,0,0,0,0,0,1,0,0,0,0,0,0,0,0,0,0,0,0,0,0,0,0,0,0,0,0,0,0,0,0,0,0,0,0,0,0,0,0,0,0,0,0,0,0,0,0,0,0,0,0,0,0,0,0,
815986,671ccc9d354f3a273ce93092fc43534c,2016-01-01,12673,0,2,1,1,1,0,0,0,12673,0,0,0,0,1,0,0,0,0,0,12673,0,0,0,0,0,0,0,0,0,0,12673,0,0,0,0,1,0,0,0,0,0,0,0,0,0,0,0,0,0,0,0,0,0,0,0,0,0,0,0,0,0,0,0,0,0,0,0,0,0,0,0,0,0,0,0,0,0,0,0,0,0,0,0,0,0,0,0,0,0,0,0,0,0,12673,0,0,0,0,0,0,0,0,0,0,0,0,0,0,0,0,0,0,0,0,0,0,0,0,0,0,0,0,0,0,0,1,0,0,0,0,0,1,1,0,1,0,0,0,0,0,0,0,0,0,0,0,0,0,0,0,0,0,0,0,0,0,0,0,0,0,0,0,0,0,0,0,0,0,0,0,0,0,0,0,0,0,0,0,0,0,0.0
474644,3bf5fa5edce5ca11647345416abc6ee6,2013-01-01,5000,0,3,2,2,2,5000,5000,0,0,0,1,1,0,0,0,0,0,5000,0,0,0,0,0,0,0,0,0,0,0,0,5000,5000,0,0,0,1,1,0,0,0,0,0,0,0,0,0,0,0,0,0,0,0,0,0,0,0,0,0,0,0,0,0,0,0,0,0,5000,0,0,0,0,0,0,0,0,0,0,0,5000,0,0,0,0,0,0,0,0,0,0,0,0,0,0,0,0,0,0,0,0,0,0,0,0,0,0,0,0,0,0,0,0,0,0,0,0,0,0,0,0,0,0,0,0,0,0,0,0,0,0,0,1,1,0,1,0,1,0,0,0,0,0,0,1,0,0,0,0,0,0,1,0,0,0,0,0,0,0,0,0,0,0,0,1,0,0,0,0,0,0,0,0,0,0,0,0,0,0,0,0,0,
699212,585efce9ba0eb18a078e123c7722b72a,2016-01-01,2500,0,2,1,1,1,0,0,0,2500,0,0,0,0,1,0,0,0,0,0,2500,0,0,0,0,0,0,0,0,0,0,2500,0,0,0,0,1,0,0,0,0,0,0,0,0,0,0,0,0,0,0,0,0,0,0,0,0,0,0,0,0,0,0,0,0,0,0,0,0,0,0,0,0,0,0,0,0,0,0,0,0,0,0,0,0,0,0,0,0,0,0,0,0,0,0,2500,0,0,0,0,0,0,0,0,0,0,0,0,0,0,0,0,0,0,0,0,0,0,0,0,0,0,0,0,0,0,1,0,0,0,0,0,1,1,0,1,0,0,0,0,0,0,0,0,0,0,0,0,0,0,0,0,0,0,0,0,0,0,0,0,0,0,0,0,0,0,0,0,0,0,0,0,0,0,0,0,0,0,0,0,0,0.0
1513139,bf525a5cb9c577846e44b2d25c461e32,2015-01-01,2500,0,2,1,1,1,0,0,2500,0,0,0,0,1,0,0,0,0,0,2500,0,0,0,0,0,0,0,0,0,0,0,2500,0,0,0,0,1,0,0,0,0,0,0,0,0,0,0,0,0,0,0,0,0,0,0,0,0,0,0,0,0,0,0,0,0,0,0,0,0,0,0,0,0,0,0,0,0,0,0,0,0,0,0,0,0,0,0,0,2500,0,0,0,0,0,0,0,0,0,0,0,0,0,0,0,0,0,0,0,0,0,0,0,0,0,0,0,0,0,0,0,0,0,0,0,0,0,0,0,0,0,0,1,1,1,0,1,0,0,0,0,0,0,0,1,0,0,0,0,0,0,0,0,0,0,0,0,0,0,0,0,0,0,0,0,0,0,0,0,0,0,0,0,0,0,0,0,0,0,0,0,0,0.0
690708,574ce6a75160e97bb1e2fc3a655c4915,2017-01-01,9000,0,2,1,1,1,0,0,0,0,9000,0,0,0,0,1,0,0,0,0,0,0,0,0,0,0,0,0,0,0,0,9000,0,0,0,0,1,0,0,0,0,0,0,0,0,0,0,0,0,0,0,0,0,0,0,0,0,0,0,0,0,0,0,0,0,0,0,0,0,0,0,0,0,0,0,0,0,0,0,0,0,0,0,0,0,0,0,0,0,0,0,0,0,0,0,0,0,0,0,0,0,0,0,0,0,0,0,0,0,0,0,0,0,0,9000,0,0,0,0,0,0,0,0,0,0,1,0,0,0,0,0,0,1,1,0,0,0,0,0,0,0,0,0,0,0,0,0,0,0,0,0,0,0,0,0,0,0,0,0,0,0,0,0,0,0,0,0,0,0,0,0,0,0,0,0,0,0,0,0,0,0,0.0
1631186,ce436674cb01aa111dbdd0acd0f45d71,2017-01-01,5000,0,2,1,1,1,0,0,0,0,5000,0,0,0,0,1,0,0,0,0,0,0,0,0,0,0,0,0,0,0,0,5000,0,0,0,0,1,0,0,0,0,0,0,0,0,0,0,0,0,0,0,0,0,0,0,0,0,0,0,0,0,0,0,0,0,0,0,0,0,0,0,0,0,0,0,0,0,0,0,0,0,0,0,0,0,0,0,0,0,0,0,0,0,0,0,0,0,0,0,0,0,0,0,0,0,5000,0,0,0,0,0,0,0,0,0,0,0,0,0,0,0,0,0,0,0,1,0,0,0,0,0,0,1,1,0,0,0,0,0,0,0,0,0,0,0,0,0,0,0,0,0,0,0,0,0,0,0,0,0,0,0,0,0,0,0,0,0,0,0,0,0,0,0,0,0,0,0,0,0,0,0,0.0
1384991,af1d7643d6fd447478c003b8fc123f94,2014-01-01,22500,0,3,2,2,2,0,5000,22500,0,0,0,2,3,0,0,0,0,0,22500,0,0,0,17500,0,0,0,0,0,0,0,5000,22500,0,0,0,2,3,0,0,0,0,0,0,0,0,0,17500,0,0,0,0,0,0,0,0,0,0,0,0,0,0,0,0,0,0,0,0,0,0,0,0,1000,0,0,0,4000,0,0,0,0,0,0,0,0,0,0,0,0,2500,0,20000,0,0,0,0,0,0,0,0,0,0,0,0,0,0,0,0,0,0,0,0,0,0,0,0,0,0,0,0,0,0,0,0,0,0,0,0,0,0,0,1,1,0,1,0,1,0,0,0,0,0,0,1,0,0,0,0,0,0,1,0,0,0,0,0,0,0,0,0,0,0,0,0,0,0,0,0,0,0,0,0,0,0,0,0,0,0,0,0,0,0.0
1723757,d9fca947538dcc095eeeaa152cc8e11a,2016-01-01,5000,0,2,1,1,1,0,0,0,5000,0,0,0,0,1,0,0,0,0,0,5000,0,0,0,0,0,0,0,0,0,0,5000,0,0,0,0,1,0,0,0,0,0,0,0,0,0,0,0,0,0,0,0,0,0,0,0,0,0,0,0,0,0,0,0,0,0,0,0,0,0,0,0,0,0,0,0,0,0,0,0,0,0,0,0,0,0,0,0,0,0,0,0,0,0,0,0,0,5000,0,0,0,0,0,0,0,0,0,0,0,0,0,0,0,0,0,0,0,0,0,0,0,0,0,0,0,0,1,0,0,0,0,0,1,1,0,1,0,0,0,0,0,0,0,0,0,0,0,0,0,0,0,0,0,0,0,0,0,0,0,0,0,0,0,0,0,0,0,0,0,0,0,0,0,0,0,0,0,0,0,0,0,0.0
1010164,7faeff76bce95ad737eec8df2c40b045,2015-01-01,1000,0,2,1,1,1,0,0,1000,0,0,0,0,1,0,0,0,0,0,1000,0,0,0,0,0,0,0,0,0,0,0,1000,0,0,0,0,1,0,0,0,0,0,0,0,0,0,0,0,0,0,0,0,0,0,0,0,0,0,0,0,0,0,0,0,0,0,0,0,0,0,0,0,0,0,0,0,0,0,0,0,0,0,0,0,0,0,0,0,0,0,1000,0,0,0,0,0,0,0,0,0,0,0,0,0,0,0,0,0,0,0,0,0,0,0,0,0,0,0,0,0,0,0,0,0,0,0,0,0,0,0,0,1,1,1,0,1,0,0,0,0,0,0,0,1,0,0,0,0,0,0,0,0,0,0,0,0,0,0,0,0,0,0,0,0,0,0,0,0,0,0,0,0,0,0,0,0,0,0,0,0,0,0.0
1451833,b794991724f2ba270bcdc5b4d57d1dfd,2015-01-01,7600,0,2,1,1,1,0,0,7600,0,0,0,0,2,0,0,0,0,0,7600,0,0,0,0,0,0,0,0,0,0,0,7600,0,0,0,0,2,0,0,0,0,0,0,0,0,0,0,0,0,0,0,0,0,0,0,0,0,0,0,0,0,0,0,0,0,0,0,0,0,0,0,0,0,0,0,0,0,0,0,0,0,3000,0,0,0,0,4600,0,0,0,0,0,0,0,0,0,0,0,0,0,0,0,0,0,0,0,0,0,0,0,0,0,0,0,0,0,0,0,0,0,0,0,0,0,0,0,0,0,0,0,0,1,1,1,0,1,0,0,0,0,0,0,0,1,0,0,0,0,0,0,0,0,0,0,0,0,0,0,0,0,0,0,0,0,0,0,0,0,0,0,0,0,0,0,0,0,0,0,0,0,0,0.0
27336,036c829dbe86ce390d99520c8b22b437,2014-01-01,10000,0,2,1,1,1,0,10000,0,0,0,0,1,0,0,0,0,0,10000,0,0,0,0,0,0,0,0,0,0,0,0,10000,0,0,0,0,1,0,0,0,0,0,0,0,0,0,0,0,0,0,0,0,0,0,0,0,0,0,0,0,0,0,0,0,0,0,0,0,0,0,0,0,0,0,0,0,10000,0,0,0,0,0,0,0,0,0,0,0,0,0,0,0,0,0,0,0,0,0,0,0,0,0,0,0,0,0,0,0,0,0,0,0,0,0,0,0,0,0,0,0,0,0,0,0,0,0,0,0,0,0,0,1,1,1,0,1,0,0,0,0,0,0,0,1,0,0,0,0,0,0,1,0,0,0,0,0,0,0,0,0,0,0,0,0,0,0,0,0,0,0,0,0,0,0,0,0,0,0,0,0,0,
946116,778f33d1266a88af69c0c820c2a4b58b,2015-01-01,9900,0,4,3,3,3,0,0,9545,37102,9900,0,0,1,3,1,0,0,0,0,0,0,0,0,27557,0,0,0,0,0,27202,9545,37102,9900,0,0,1,3,1,0,0,0,0,0,0,0,0,27557,0,0,0,0,0,27202,0,0,0,0,0,0,0,0,0,0,0,0,0,0,0,0,0,0,0,0,0,0,0,0,0,0,0,0,0,0,0,0,0,9545,0,0,0,0,20000,0,0,10000,0,0,0,0,0,0,0,7102,0,0,0,0,0,0,0,0,9900,0,0,0,0,0,0,0,0,0,0,0,0,0,0,0,1,0,0,0,1,0,1,0,0,1,0,0,0,0,0,0,1,0,0,0,0,0,0,0,0,0,0,0,0,0,0,0,0,0,0,0,0,0,0,0,0,0,0,0,0,0,0,0,0,0,0,0,0,0.0
940917,76e809e8266ec28d7bc4d2d4a137f404,2013-01-01,4000,0,2,1,1,1,4000,0,0,0,0,4,0,0,0,0,0,4000,0,0,0,0,0,0,0,0,0,0,0,0,0,4000,0,0,0,0,4,0,0,0,0,0,0,0,0,0,0,0,0,0,0,0,0,0,0,0,0,0,0,0,4000,0,0,0,0,0,0,0,0,0,0,0,0,0,0,0,0,0,0,0,0,0,0,0,0,0,0,0,0,0,0,0,0,0,0,0,0,0,0,0,0,0,0,0,0,0,0,0,0,0,0,0,0,0,0,0,0,0,0,0,0,0,0,0,0,0,0,0,0,0,0,1,1,1,0,1,0,0,0,0,0,0,0,1,0,0,0,0,0,0,1,0,0,0,0,0,0,0,0,0,0,0,0,1,0,0,0,0,0,0,0,0,0,0,0,0,0,0,0,0,0,0.0
1600679,ca66c4f1d27a72261f843f4b61aa7488,2013-01-01,27362,13200,6,4,2,4,43705,16162,0,13200,11200,11,5,0,2,1,0,0,16162,0,0,0,0,0,0,0,0,27543,0,0,2000,43705,16162,0,13200,11200,11,5,0,2,1,0,0,0,0,0,0,0,0,0,0,0,27543,0,0,2000,0,0,0,0,0,0,0,0,16700,0,0,27005,16162,0,0,0,0,0,0,0,0,0,0,0,0,0,0,0,0,0,0,0,0,0,0,0,0,0,0,0,0,0,0,0,0,6600,6600,0,0,0,0,0,0,11200,0,0,0,0,0,0,0,0,0,0,0,0,0,0,0,0,0,0,1,0,0,0,1,0,1,0,1,0,0,0,1,0,0,0,0,0,0,0,0,0,0,0,0,1,0,0,0,0,0,0,0,0,0,0,0,0,1,0,0,0,0,0,0,0,0,0,0,0,0,0,0,0.0
304101,26644a0b96c746ebabe9b0c039d36c10,2014-01-01,2500,0,2,1,1,1,0,2500,0,0,0,0,1,0,0,0,0,0,2500,0,0,0,0,0,0,0,0,0,0,0,0,2500,0,0,0,0,1,0,0,0,0,0,0,0,0,0,0,0,0,0,0,0,0,0,0,0,0,0,0,0,0,0,0,0,0,0,0,0,0,0,0,2500,0,0,0,0,0,0,0,0,0,0,0,0,0,0,0,0,0,0,0,0,0,0,0,0,0,0,0,0,0,0,0,0,0,0,0,0,0,0,0,0,0,0,0,0,0,0,0,0,0,0,0,0,0,0,0,0,0,0,0,1,1,1,0,1,0,0,0,0,0,0,0,1,0,0,0,0,0,0,1,0,0,0,0,0,0,0,0,0,0,0,0,0,0,0,0,0,0,0,0,0,0,0,0,0,0,0,0,0,0,
1002974,7ec76d61c279dd31b08232c07a638f76,2014-01-01,2500,0,2,1,1,1,0,2500,0,0,0,0,1,0,0,0,0,0,2500,0,0,0,0,0,0,0,0,0,0,0,0,2500,0,0,0,0,1,0,0,0,0,0,0,0,0,0,0,0,0,0,0,0,0,0,0,0,0,0,0,0,0,0,0,0,0,0,0,0,0,0,0,0,0,0,0,0,0,2500,0,0,0,0,0,0,0,0,0,0,0,0,0,0,0,0,0,0,0,0,0,0,0,0,0,0,0,0,0,0,0,0,0,0,0,0,0,0,0,0,0,0,0,0,0,0,0,0,0,0,0,0,0,1,1,1,0,1,0,0,0,0,0,0,0,1,0,0,0,0,0,0,1,0,0,0,0,0,0,0,0,0,0,0,0,0,0,0,0,0,0,0,0,0,0,0,0,0,0,0,0,0,0,0.0
1941056,f56ebe7a9be8cc68427632ac0a37e86e,2016-01-01,73014,0,2,1,1,1,0,0,0,73014,0,0,0,0,1,0,0,0,0,0,73014,0,0,0,0,0,0,0,0,0,0,73014,0,0,0,0,1,0,0,0,0,0,0,0,0,0,0,0,0,0,0,0,0,0,0,0,0,0,0,0,0,0,0,0,0,0,0,0,0,0,0,0,0,0,0,0,0,0,0,0,0,0,0,0,0,0,0,0,0,0,0,0,0,0,73014,0,0,0,0,0,0,0,0,0,0,0,0,0,0,0,0,0,0,0,0,0,0,0,0,0,0,0,0,0,0,0,1,0,0,0,0,0,1,1,0,1,0,0,0,0,0,0,0,0,0,0,0,0,0,0,0,0,0,0,0,0,0,0,0,0,0,0,0,0,0,0,0,0,0,0,0,0,0,0,0,0,0,0,0,0,0,0.0
224376,1c5e5c39048148b5cee293e9f7ef3634,2014-01-01,500,0,2,1,1,1,0,500,0,0,0,0,1,0,0,0,0,0,500,0,0,0,0,0,0,0,0,0,0,0,0,500,0,0,0,0,1,0,0,0,0,0,0,0,0,0,0,0,0,0,0,0,0,0,0,0,0,0,0,0,0,0,0,0,0,0,0,0,0,0,0,500,0,0,0,0,0,0,0,0,0,0,0,0,0,0,0,0,0,0,0,0,0,0,0,0,0,0,0,0,0,0,0,0,0,0,0,0,0,0,0,0,0,0,0,0,0,0,0,0,0,0,0,0,0,0,0,0,0,0,0,1,1,1,0,1,0,0,0,0,0,0,0,1,0,0,0,0,0,0,1,0,0,0,0,0,0,0,0,0,0,0,0,0,0,0,0,0,0,0,0,0,0,0,0,0,0,0,0,0,0,
221971,1c1252edfff5aa3fb1dc02048157d6e1,2014-01-01,5000,0,2,1,1,1,0,5000,0,0,0,0,1,0,0,0,0,0,5000,0,0,0,0,0,0,0,0,0,0,0,0,5000,0,0,0,0,1,0,0,0,0,0,0,0,0,0,0,0,0,0,0,0,0,0,0,0,0,0,0,0,0,0,0,0,0,0,0,0,0,0,0,0,0,0,0,0,0,5000,0,0,0,0,0,0,0,0,0,0,0,0,0,0,0,0,0,0,0,0,0,0,0,0,0,0,0,0,0,0,0,0,0,0,0,0,0,0,0,0,0,0,0,0,0,0,0,0,0,0,0,0,0,1,1,1,0,1,0,0,0,0,0,0,0,1,0,0,0,0,0,0,1,0,0,0,0,0,0,0,0,0,0,0,0,0,0,0,0,0,0,0,0,0,0,0,0,0,0,0,0,0,0,
1631833,ce58f454f6f29e03e7c50d1bcc6facca,2015-01-01,7500,0,3,2,2,2,0,0,4400,7500,0,0,0,1,3,0,0,0,0,0,7500,0,0,0,3100,0,0,0,0,0,0,4400,7500,0,0,0,1,3,0,0,0,0,0,0,0,0,0,3100,0,0,0,0,0,0,0,0,0,0,0,0,0,0,0,0,0,0,0,0,0,0,0,0,0,0,0,0,0,0,0,0,0,0,0,0,0,0,0,0,0,0,4400,0,0,0,0,0,0,5000,0,0,0,0,0,2500,0,0,0,0,0,0,0,0,0,0,0,0,0,0,0,0,0,0,0,0,0,0,0,0,0,0,0,1,1,0,1,0,1,0,0,0,0,0,0,1,0,0,0,0,0,0,0,0,0,0,0,0,0,0,0,0,0,0,0,0,0,0,0,0,0,0,0,0,0,0,0,0,0,0,0,0,0,0.0
378685,2fda0486198091dd9dbd061095c13ae3,2013-01-01,2000,0,2,1,1,1,2000,0,0,0,0,1,0,0,0,0,0,2000,0,0,0,0,0,0,0,0,0,0,0,0,0,2000,0,0,0,0,1,0,0,0,0,0,0,0,0,0,0,0,0,0,0,0,0,0,0,0,0,0,0,0,0,0,0,0,2000,0,0,0,0,0,0,0,0,0,0,0,0,0,0,0,0,0,0,0,0,0,0,0,0,0,0,0,0,0,0,0,0,0,0,0,0,0,0,0,0,0,0,0,0,0,0,0,0,0,0,0,0,0,0,0,0,0,0,0,0,0,0,0,0,0,0,1,1,1,0,1,0,0,0,0,0,0,0,1,0,0,0,0,0,0,1,0,0,0,0,0,0,0,0,0,0,0,0,1,0,0,0,0,0,0,0,0,0,0,0,0,0,0,0,0,0,
51694,067e23e21baa43898ba09605d22ea8b3,2016-01-01,2500,0,2,1,1,1,0,0,0,2500,0,0,0,0,1,0,0,0,0,0,2500,0,0,0,0,0,0,0,0,0,0,2500,0,0,0,0,1,0,0,0,0,0,0,0,0,0,0,0,0,0,0,0,0,0,0,0,0,0,0,0,0,0,0,0,0,0,0,0,0,0,0,0,0,0,0,0,0,0,0,0,0,0,0,0,0,0,0,0,0,0,0,0,0,0,2500,0,0,0,0,0,0,0,0,0,0,0,0,0,0,0,0,0,0,0,0,0,0,0,0,0,0,0,0,0,0,0,1,0,0,0,0,0,1,1,0,1,0,0,0,0,0,0,0,0,0,0,0,0,0,0,0,0,0,0,0,0,0,0,0,0,0,0,0,0,0,0,0,0,0,0,0,0,0,0,0,0,0,0,0,0,0,
918201,740c91f923b65b9f22fe1f50be217282,2015-01-01,5000,0,2,1,1,1,0,0,5000,0,0,0,0,1,0,0,0,0,0,5000,0,0,0,0,0,0,0,0,0,0,0,5000,0,0,0,0,1,0,0,0,0,0,0,0,0,0,0,0,0,0,0,0,0,0,0,0,0,0,0,0,0,0,0,0,0,0,0,0,0,0,0,0,0,0,0,0,0,0,0,0,0,0,0,0,0,0,0,5000,0,0,0,0,0,0,0,0,0,0,0,0,0,0,0,0,0,0,0,0,0,0,0,0,0,0,0,0,0,0,0,0,0,0,0,0,0,0,0,0,0,0,0,1,1,1,0,1,0,0,0,0,0,0,0,1,0,0,0,0,0,0,0,0,0,0,0,0,0,0,0,0,0,0,0,0,0,0,0,0,0,0,0,0,0,0,0,0,0,0,0,0,0,0.0
913466,73726d3fff507a8047542d1cd48322d0,2016-01-01,5000,0,2,1,1,1,0,0,0,5000,0,0,0,0,1,0,0,0,0,0,5000,0,0,0,0,0,0,0,0,0,0,5000,0,0,0,0,1,0,0,0,0,0,0,0,0,0,0,0,0,0,0,0,0,0,0,0,0,0,0,0,0,0,0,0,0,0,0,0,0,0,0,0,0,0,0,0,0,0,0,0,0,0,0,0,0,0,0,0,0,0,0,0,0,0,0,0,0,0,0,0,0,0,0,5000,0,0,0,0,0,0,0,0,0,0,0,0,0,0,0,0,0,0,0,0,0,0,1,0,0,0,0,0,1,1,0,1,0,0,0,0,0,0,0,0,0,0,0,0,0,0,0,0,0,0,0,0,0,0,0,0,0,0,0,0,0,0,0,0,0,0,0,0,0,0,0,0,0,0,0,0,0,0.0
810033,66577325c575d42c4a15022f960ad27b,2017-01-01,5000,0,2,1,1,1,0,0,0,0,5000,0,0,0,0,1,0,0,0,0,0,0,0,0,0,0,0,0,0,0,0,5000,0,0,0,0,1,0,0,0,0,0,0,0,0,0,0,0,0,0,0,0,0,0,0,0,0,0,0,0,0,0,0,0,0,0,0,0,0,0,0,0,0,0,0,0,0,0,0,0,0,0,0,0,0,0,0,0,0,0,0,0,0,0,0,0,0,0,0,0,0,0,0,0,0,0,0,0,5000,0,0,0,0,0,0,0,0,0,0,0,0,0,0,0,0,1,0,0,0,0,0,0,1,1,0,0,0,0,0,0,0,0,0,0,0,0,0,0,0,0,0,0,0,0,0,0,0,0,0,0,0,0,0,0,0,0,0,0,0,0,0,0,0,0,0,0,0,0,0,0,0,0.0
1885412,ee66d1835a21e476f8abd1c593a629e1,2013-01-01,1000,0,2,1,1,1,1000,0,0,0,0,1,0,0,0,0,0,1000,0,0,0,0,0,0,0,0,0,0,0,0,0,1000,0,0,0,0,1,0,0,0,0,0,0,0,0,0,0,0,0,0,0,0,0,0,0,0,1000,0,0,0,0,0,0,0,0,0,0,0,0,0,0,0,0,0,0,0,0,0,0,0,0,0,0,0,0,0,0,0,0,0,0,0,0,0,0,0,0,0,0,0,0,0,0,0,0,0,0,0,0,0,0,0,0,0,0,0,0,0,0,0,0,0,0,0,0,0,0,0,0,0,0,1,1,1,0,1,0,0,0,0,0,0,0,1,0,0,0,0,0,0,1,0,0,0,0,0,0,0,0,0,0,0,0,1,0,0,0,0,0,0,0,0,0,0,0,0,0,0,0,0,0,0.0
1238134,9c93ec68ed4978b5f13f8fdaca926e23,2017-01-01,2500,0,2,1,1,1,0,0,0,0,2500,0,0,0,0,1,0,0,0,0,0,0,0,0,0,0,0,0,0,0,0,2500,0,0,0,0,1,0,0,0,0,0,0,0,0,0,0,0,0,0,0,0,0,0,0,0,0,0,0,0,0,0,0,0,0,0,0,0,0,0,0,0,0,0,0,0,0,0,0,0,0,0,0,0,0,0,0,0,0,0,0,0,0,0,0,0,0,0,0,0,0,0,0,0,0,0,2500,0,0,0,0,0,0,0,0,0,0,0,0,0,0,0,0,0,0,1,0,0,0,0,0,0,1,1,0,0,0,0,0,0,0,0,0,0,0,0,0,0,0,0,0,0,0,0,0,0,0,0,0,0,0,0,0,0,0,0,0,0,0,0,0,0,0,0,0,0,0,0,0,0,0,0.0
910858,731e33e5fb6972f422346420f0b368b6,2017-01-01,2500,0,2,1,1,1,0,0,0,0,2500,0,0,0,0,1,0,0,0,0,0,0,0,0,0,0,0,0,0,0,0,2500,0,0,0,0,1,0,0,0,0,0,0,0,0,0,0,0,0,0,0,0,0,0,0,0,0,0,0,0,0,0,0,0,0,0,0,0,0,0,0,0,0,0,0,0,0,0,0,0,0,0,0,0,0,0,0,0,0,0,0,0,0,0,0,0,0,0,0,0,0,0,0,0,0,0,0,0,0,0,0,0,2500,0,0,0,0,0,0,0,0,0,0,0,0,1,0,0,0,0,0,0,1,1,0,0,0,0,0,0,0,0,0,0,0,0,0,0,0,0,0,0,0,0,0,0,0,0,0,0,0,0,0,0,0,0,0,0,0,0,0,0,0,0,0,0,0,0,0,0,0,0.0
677596,55a6c3cc742e4615e0ca10f504278ff0,2015-01-01,10000,0,2,1,1,1,0,0,10000,0,0,0,0,1,0,0,0,0,0,10000,0,0,0,0,0,0,0,0,0,0,0,10000,0,0,0,0,1,0,0,0,0,0,0,0,0,0,0,0,0,0,0,0,0,0,0,0,0,0,0,0,0,0,0,0,0,0,0,0,0,0,0,0,0,0,0,0,0,0,0,0,0,0,0,0,0,0,0,10000,0,0,0,0,0,0,0,0,0,0,0,0,0,0,0,0,0,0,0,0,0,0,0,0,0,0,0,0,0,0,0,0,0,0,0,0,0,0,0,0,0,0,0,1,1,1,0,1,0,0,0,0,0,0,0,1,0,0,0,0,0,0,0,0,0,0,0,0,0,0,0,0,0,0,0,0,0,0,0,0,0,0,0,0,0,0,0,0,0,0,0,0,0,0.0
1480370,bb268725af980a728b9b54366872fdb6,2013-01-01,2500,0,2,1,1,1,2500,0,0,0,0,1,0,0,0,0,0,2500,0,0,0,0,0,0,0,0,0,0,0,0,0,2500,0,0,0,0,1,0,0,0,0,0,0,0,0,0,0,0,0,0,0,0,0,0,0,0,0,0,0,0,0,0,2500,0,0,0,0,0,0,0,0,0,0,0,0,0,0,0,0,0,0,0,0,0,0,0,0,0,0,0,0,0,0,0,0,0,0,0,0,0,0,0,0,0,0,0,0,0,0,0,0,0,0,0,0,0,0,0,0,0,0,0,0,0,0,0,0,0,0,0,0,1,1,1,0,1,0,0,0,0,0,0,0,1,0,0,0,0,0,0,1,0,0,0,0,0,0,0,0,0,0,0,0,1,0,0,0,0,0,0,0,0,0,0,0,0,0,0,0,0,0,0.0
1627963,cdda25ae1f5647af6da12b6c2a1c36a5,2014-01-01,2000,0,2,1,1,1,0,2000,0,0,0,0,1,0,0,0,0,0,2000,0,0,0,0,0,0,0,0,0,0,0,0,2000,0,0,0,0,1,0,0,0,0,0,0,0,0,0,0,0,0,0,0,0,0,0,0,0,0,0,0,0,0,0,0,0,0,0,0,0,0,0,0,0,0,0,0,0,0,0,2000,0,0,0,0,0,0,0,0,0,0,0,0,0,0,0,0,0,0,0,0,0,0,0,0,0,0,0,0,0,0,0,0,0,0,0,0,0,0,0,0,0,0,0,0,0,0,0,0,0,0,0,0,1,1,1,0,1,0,0,0,0,0,0,0,1,0,0,0,0,0,0,1,0,0,0,0,0,0,0,0,0,0,0,0,0,0,0,0,0,0,0,0,0,0,0,0,0,0,0,0,0,0,0.0
806474,65e0b8276cfd32452871b8972a026f71,2013-01-01,2000,0,2,1,1,1,2000,0,0,0,0,1,0,0,0,0,0,2000,0,0,0,0,0,0,0,0,0,0,0,0,0,2000,0,0,0,0,1,0,0,0,0,0,0,0,0,0,0,0,0,0,0,0,0,0,0,0,0,0,0,0,0,0,0,0,2000,0,0,0,0,0,0,0,0,0,0,0,0,0,0,0,0,0,0,0,0,0,0,0,0,0,0,0,0,0,0,0,0,0,0,0,0,0,0,0,0,0,0,0,0,0,0,0,0,0,0,0,0,0,0,0,0,0,0,0,0,0,0,0,0,0,0,1,1,1,0,1,0,0,0,0,0,0,0,1,0,0,0,0,0,0,1,0,0,0,0,0,0,0,0,0,0,0,0,1,0,0,0,0,0,0,0,0,0,0,0,0,0,0,0,0,0,0.0
1940594,f55fa1c428226f4e3aeecffbc6c3c589,2016-01-01,0,0,3,3,3,3,0,0,0,5000,2500,0,0,0,1,1,0,0,0,0,0,0,0,0,0,0,0,0,0,0,2500,5000,2500,23500,0,0,1,1,8,0,0,0,0,0,0,0,0,0,21000,0,0,0,2500,0,0,0,0,0,0,0,0,0,0,0,0,0,0,0,0,0,0,0,0,0,0,0,0,0,0,0,0,0,0,0,0,0,0,0,0,0,0,0,0,0,0,0,0,0,0,0,0,0,5000,0,0,0,0,0,0,0,0,0,2500,0,0,0,0,0,0,0,1,0,0,0,0,0,0,0,0,0,0,0,1,0,1,0,0,1,0,0,0,0,0,0,0,0,0,0,0,0,0,0,0,0,0,0,0,0,0,0,0,0,0,0,0,0,0,0,0,0,0,0,0,0,0,0,0,0,0,0,0,0.0
1658331,d1b3c09a2498c768ed946c9cc7b50cda,2016-01-01,2000,0,3,2,2,2,0,0,0,5000,2000,0,0,0,2,1,0,0,0,0,0,0,0,0,0,0,0,0,0,0,3000,5000,2000,0,0,0,2,1,0,0,0,0,0,0,0,0,0,0,0,0,0,0,3000,0,0,0,0,0,0,0,0,0,0,0,0,0,0,0,0,0,0,0,0,0,0,0,0,0,0,0,0,0,0,0,0,0,0,0,0,0,0,0,0,0,0,0,0,0,0,0,0,0,0,5000,0,0,0,0,0,0,0,2000,0,0,0,0,0,0,0,0,0,0,0,0,0,0,0,1,0,0,0,0,1,0,1,0,1,0,0,0,0,0,0,0,0,0,0,0,0,0,0,0,0,0,0,0,0,0,0,0,0,0,0,0,0,0,0,0,0,0,0,0,0,0,0,0,0,0,0,0,0,0.0
603964,4c5d962d93350651c963ece020efec2c,2015-01-01,2500,0,2,1,1,1,0,0,2500,0,0,0,0,1,0,0,0,0,0,2500,0,0,0,0,0,0,0,0,0,0,0,2500,0,0,0,0,1,0,0,0,0,0,0,0,0,0,0,0,0,0,0,0,0,0,0,0,0,0,0,0,0,0,0,0,0,0,0,0,0,0,0,0,0,0,0,0,0,0,0,0,0,0,0,0,0,0,0,0,2500,0,0,0,0,0,0,0,0,0,0,0,0,0,0,0,0,0,0,0,0,0,0,0,0,0,0,0,0,0,0,0,0,0,0,0,0,0,0,0,0,0,0,1,1,1,0,1,0,0,0,0,0,0,0,1,0,0,0,0,0,0,0,0,0,0,0,0,0,0,0,0,0,0,0,0,0,0,0,0,0,0,0,0,0,0,0,0,0,0,0,0,0,0.0
1622985,cd3641de2c7c247a5f7bf45bb2547bd7,2013-01-01,100000,0,5,4,4,4,335881,23821,170000,100000,0,12,2,16,20,0,0,0,0,0,100000,0,0,146179,0,0,0,312060,0,70000,0,335881,23821,170000,100000,0,12,2,16,20,0,0,0,0,0,0,0,0,146179,0,0,0,312060,0,70000,0,0,0,0,0,0,0,0,0,0,0,132921,202960,0,0,13821,0,0,0,0,0,0,10000,0,0,0,0,0,0,0,0,0,20000,10000,140000,0,0,0,0,0,0,0,0,0,0,5000,95000,0,0,0,0,0,0,0,0,0,0,0,0,0,0,0,0,0,0,0,0,0,0,0,0,0,0,0,0,0,0,1,0,1,0,0,1,0,0,0,1,0,0,0,0,0,0,0,1,0,0,0,0,0,0,0,0,0,0,0,0,0,0,1,0,0,0,0,0,0,0,0,0,0,0,0,0,0,0,0,0.0
1510970,bf0d1d9e46b12d2fe4f20d6b8278bdf0,2016-01-01,7500,0,2,1,1,1,0,0,0,7500,0,0,0,0,2,0,0,0,0,0,7500,0,0,0,0,0,0,0,0,0,0,7500,0,0,0,0,2,0,0,0,0,0,0,0,0,0,0,0,0,0,0,0,0,0,0,0,0,0,0,0,0,0,0,0,0,0,0,0,0,0,0,0,0,0,0,0,0,0,0,0,0,0,0,0,0,0,0,0,0,0,0,0,0,0,2500,0,0,0,0,0,0,0,0,5000,0,0,0,0,0,0,0,0,0,0,0,0,0,0,0,0,0,0,0,0,0,0,1,0,0,0,0,0,1,1,0,1,0,0,0,0,0,0,0,0,0,0,0,0,0,0,0,0,0,0,0,0,0,0,0,0,0,0,0,0,0,0,0,0,0,0,0,0,0,0,0,0,0,0,0,0,0,0.0
1508718,bec36f091ae6913f22d110b50bd71aa9,2016-01-01,4180,0,2,1,1,1,0,0,0,4180,0,0,0,0,1,0,0,0,0,0,4180,0,0,0,0,0,0,0,0,0,0,4180,0,0,0,0,1,0,0,0,0,0,0,0,0,0,0,0,0,0,0,0,0,0,0,0,0,0,0,0,0,0,0,0,0,0,0,0,0,0,0,0,0,0,0,0,0,0,0,0,0,0,0,0,0,0,0,0,0,0,0,0,0,0,0,0,0,0,0,4180,0,0,0,0,0,0,0,0,0,0,0,0,0,0,0,0,0,0,0,0,0,0,0,0,0,0,1,0,0,0,0,0,1,1,0,1,0,0,0,0,0,0,0,0,0,0,0,0,0,0,0,0,0,0,0,0,0,0,0,0,0,0,0,0,0,0,0,0,0,0,0,0,0,0,0,0,0,0,0,0,0,0.0
973256,7afe3d60c4464ac0314fa8711d6ec75c,2017-01-01,40000,0,2,1,1,1,0,0,0,0,40000,0,0,0,0,1,0,0,0,0,0,0,0,0,0,0,0,0,0,0,0,40000,0,0,0,0,1,0,0,0,0,0,0,0,0,0,0,0,0,0,0,0,0,0,0,0,0,0,0,0,0,0,0,0,0,0,0,0,0,0,0,0,0,0,0,0,0,0,0,0,0,0,0,0,0,0,0,0,0,0,0,0,0,0,0,0,0,0,0,0,0,0,0,0,0,0,0,0,0,0,0,40000,0,0,0,0,0,0,0,0,0,0,0,0,0,1,0,0,0,0,0,0,1,1,0,0,0,0,0,0,0,0,0,0,0,0,0,0,0,0,0,0,0,0,0,0,0,0,0,0,0,0,0,0,0,0,0,0,0,0,0,0,0,0,0,0,0,0,0,0,0,0.0
481034,3cc6a290f5f156567f0791c62bba8594,2014-01-01,10000,0,2,1,1,1,0,10000,0,0,0,0,1,0,0,0,0,0,10000,0,0,0,0,0,0,0,0,0,0,0,0,10000,0,0,0,0,1,0,0,0,0,0,0,0,0,0,0,0,0,0,0,0,0,0,0,0,0,0,0,0,0,0,0,0,0,0,0,0,0,0,0,0,0,0,0,0,10000,0,0,0,0,0,0,0,0,0,0,0,0,0,0,0,0,0,0,0,0,0,0,0,0,0,0,0,0,0,0,0,0,0,0,0,0,0,0,0,0,0,0,0,0,0,0,0,0,0,0,0,0,0,0,1,1,1,0,1,0,0,0,0,0,0,0,1,0,0,0,0,0,0,1,0,0,0,0,0,0,0,0,0,0,0,0,0,0,0,0,0,0,0,0,0,0,0,0,0,0,0,0,0,0,
1395155,b0651f6070a176159f8f056b32f9d1de,2018-01-01,0,0,1,1,1,1,0,0,0,0,0,0,0,0,0,0,0,0,0,0,0,0,0,0,0,0,0,0,0,0,0,4000,0,0,0,0,2,0,0,0,0,0,0,0,0,0,0,0,0,0,0,0,0,0,0,0,0,0,0,0,0,0,0,0,0,0,0,0,0,0,0,0,0,0,0,0,0,0,0,0,0,0,0,0,0,0,0,0,0,0,0,0,0,0,0,0,0,0,0,0,0,0,0,0,0,0,0,0,0,0,0,0,0,0,0,0,0,1,0,0,0,0,0,0,0,0,0,0,0,0,0,0,1,0,0,0,0,0,0,0,0,0,0,0,0,0,0,0,0,0,0,0,0,0,0,0,0,0,0,0,0,0,0,0,0,0,0,0,0,0,0,0,0,0,0,0,0,0,0,0,0,0.0
142775,11ffe277ef84fdb3ba684eef677d11f7,2017-01-01,4655,0,2,1,1,1,0,0,0,0,4655,0,0,0,0,1,0,0,0,0,0,0,0,0,0,0,0,0,0,0,0,4655,0,0,0,0,1,0,0,0,0,0,0,0,0,0,0,0,0,0,0,0,0,0,0,0,0,0,0,0,0,0,0,0,0,0,0,0,0,0,0,0,0,0,0,0,0,0,0,0,0,0,0,0,0,0,0,0,0,0,0,0,0,0,0,0,0,0,0,0,0,0,0,0,4655,0,0,0,0,0,0,0,0,0,0,0,0,0,0,0,0,0,0,0,0,1,0,0,0,0,0,0,1,1,0,0,0,0,0,0,0,0,0,0,0,0,0,0,0,0,0,0,0,0,0,0,0,0,0,0,0,0,0,0,0,0,0,0,0,0,0,0,0,0,0,0,0,0,0,0,0,
869100,6ddd65a14ad14c014a04a97c73f2cd46,2017-01-01,10000,0,2,1,1,1,0,0,0,0,10000,0,0,0,0,1,0,0,0,0,0,0,0,0,0,0,0,0,0,0,0,10000,0,0,0,0,1,0,0,0,0,0,0,0,0,0,0,0,0,0,0,0,0,0,0,0,0,0,0,0,0,0,0,0,0,0,0,0,0,0,0,0,0,0,0,0,0,0,0,0,0,0,0,0,0,0,0,0,0,0,0,0,0,0,0,0,0,0,0,0,0,0,0,0,0,0,10000,0,0,0,0,0,0,0,0,0,0,0,0,0,0,0,0,0,0,1,0,0,0,0,0,0,1,1,0,0,0,0,0,0,0,0,0,0,0,0,0,0,0,0,0,0,0,0,0,0,0,0,0,0,0,0,0,0,0,0,0,0,0,0,0,0,0,0,0,0,0,0,0,0,0,0.0
737660,5d32c4bd04f94a39d87235a52bef0920,2014-01-01,5000,0,3,2,2,2,0,10000,5000,0,0,0,1,1,0,0,0,0,0,5000,0,0,0,0,0,0,0,0,5000,0,0,10000,5000,0,0,0,1,1,0,0,0,0,0,0,0,0,0,0,0,0,0,0,5000,0,0,0,0,0,0,0,0,0,0,0,0,0,0,0,0,0,0,0,0,0,0,0,0,0,0,10000,0,0,0,0,0,0,0,0,0,5000,0,0,0,0,0,0,0,0,0,0,0,0,0,0,0,0,0,0,0,0,0,0,0,0,0,0,0,0,0,0,0,0,0,0,0,0,0,0,0,0,0,1,1,0,1,0,1,0,0,0,0,0,0,1,0,0,0,0,0,0,1,0,0,0,0,0,0,0,0,0,0,0,0,0,0,0,0,0,0,0,0,0,0,0,0,0,0,0,0,0,0,0.0
524720,42498449cbc4149cbeded7ce896d3d57,2014-01-01,2500,0,2,1,1,1,0,2500,0,0,0,0,1,0,0,0,0,0,2500,0,0,0,0,0,0,0,0,0,0,0,0,2500,0,0,0,0,1,0,0,0,0,0,0,0,0,0,0,0,0,0,0,0,0,0,0,0,0,0,0,0,0,0,0,0,0,0,0,0,0,0,2500,0,0,0,0,0,0,0,0,0,0,0,0,0,0,0,0,0,0,0,0,0,0,0,0,0,0,0,0,0,0,0,0,0,0,0,0,0,0,0,0,0,0,0,0,0,0,0,0,0,0,0,0,0,0,0,0,0,0,0,0,1,1,1,0,1,0,0,0,0,0,0,0,1,0,0,0,0,0,0,1,0,0,0,0,0,0,0,0,0,0,0,0,0,0,0,0,0,0,0,0,0,0,0,0,0,0,0,0,0,0,
1232990,9bead9ccdd36cea6dd69853e28409d5a,2013-01-01,1500,0,3,2,2,2,2500,1500,0,0,0,1,1,0,0,0,0,0,1500,0,0,0,0,0,0,0,0,1000,0,0,0,2500,1500,0,0,0,1,1,0,0,0,0,0,0,0,0,0,0,0,0,0,0,1000,0,0,0,0,0,0,0,0,0,2500,0,0,0,0,0,0,0,0,0,0,1500,0,0,0,0,0,0,0,0,0,0,0,0,0,0,0,0,0,0,0,0,0,0,0,0,0,0,0,0,0,0,0,0,0,0,0,0,0,0,0,0,0,0,0,0,0,0,0,0,0,0,0,0,0,0,0,0,0,1,1,0,1,0,1,0,0,0,0,0,0,1,0,0,0,0,0,0,1,0,0,0,0,0,0,0,0,0,0,0,0,1,0,0,0,0,0,0,0,0,0,0,0,0,0,0,0,0,0,0.0
1746423,dcd80a7a8327d48317e64ee767ca406c,2013-01-01,0,0,6,6,6,6,10000,10000,1000,2500,15000,1,2,1,1,3,0,0,0,0,0,0,0,0,1500,12500,0,0,9000,0,0,10000,10000,1000,2500,15000,1,2,1,1,3,0,0,0,0,0,0,0,0,1500,12500,0,0,9000,0,0,0,0,0,0,0,0,0,0,10000,0,0,0,0,0,0,0,0,0,0,0,10000,0,0,0,0,0,0,0,0,0,0,0,1000,0,0,0,0,0,0,0,0,0,0,0,2500,0,0,0,0,0,0,0,0,0,0,4000,1000,10000,0,0,0,0,0,0,0,1,0,0,0,0,0,0,0,0,0,0,1,0,1,0,0,1,0,0,0,1,0,0,0,0,0,1,0,0,0,0,0,0,0,0,0,0,1,0,0,0,0,0,0,0,0,0,0,0,0,0,0,0,0,0,0,0,0,0,0,0.0
611277,4d497d21b56046a2d1c24e74e3a48a8a,2014-01-01,0,0,5,5,5,5,0,122600,7000,84900,13500,0,7,3,17,4,0,0,0,0,0,0,0,0,77900,0,0,0,115600,0,71400,122600,7000,84900,13500,2000,7,3,17,4,1,0,0,0,0,0,0,0,77900,0,0,0,115600,0,71400,11500,0,0,0,0,0,0,0,0,0,0,0,0,0,10000,108000,2000,0,0,2600,0,0,0,0,0,0,0,0,0,0,0,0,2000,0,0,0,5000,17000,11000,0,2500,2000,0,0,10900,37500,4000,0,0,2500,0,0,0,0,0,0,0,0,11000,0,0,0,0,0,0,0,1,0,0,0,0,0,0,0,0,0,0,1,0,1,0,0,1,0,0,0,1,0,0,0,0,0,1,0,0,0,0,0,0,0,0,0,0,0,0,0,0,0,0,0,0,0,0,0,0,0,0,0,0,0,0,0,0,0,0,0,0.0
1527240,c11c791fd47f0cce14af84b303a771b2,2014-01-01,3000,1000,4,2,1,2,0,2000,0,0,1000,0,2,0,0,2,0,0,2000,0,0,0,0,0,0,0,0,0,0,0,0,2000,0,0,1000,0,2,0,0,2,0,0,0,0,0,0,0,0,0,0,0,0,0,0,0,0,0,0,0,0,0,0,0,0,0,0,0,0,1000,0,0,0,0,0,0,0,0,0,1000,0,0,0,0,0,0,0,0,0,0,0,0,0,0,0,0,0,0,0,0,0,0,0,0,0,0,0,0,0,0,0,0,0,0,0,0,1000,0,0,0,0,0,0,0,0,0,1,0,0,0,0,0,0,1,1,0,1,0,0,0,1,0,0,0,0,0,0,0,0,1,0,0,0,0,0,0,0,0,0,0,0,0,0,0,0,0,0,0,0,0,0,0,0,0,0,0,0,0,0,0,0,0,0.0
1807182,e4836f11de0ee6ce31eb3378c4eab990,2015-01-01,7500,0,2,1,1,1,0,0,7500,0,0,0,0,1,0,0,0,0,0,7500,0,0,0,0,0,0,0,0,0,0,0,7500,0,0,0,0,1,0,0,0,0,0,0,0,0,0,0,0,0,0,0,0,0,0,0,0,0,0,0,0,0,0,0,0,0,0,0,0,0,0,0,0,0,0,0,0,0,0,0,0,0,0,0,0,0,0,0,0,0,7500,0,0,0,0,0,0,0,0,0,0,0,0,0,0,0,0,0,0,0,0,0,0,0,0,0,0,0,0,0,0,0,0,0,0,0,0,0,0,0,0,0,1,1,1,0,1,0,0,0,0,0,0,0,1,0,0,0,0,0,0,0,0,0,0,0,0,0,0,0,0,0,0,0,0,0,0,0,0,0,0,0,0,0,0,0,0,0,0,0,0,0,0.0
1834531,e7f5d13e6d0a34f4b79412e4b1811205,2017-01-01,22208,0,2,1,1,1,0,0,0,0,22208,0,0,0,0,5,0,0,0,0,0,0,0,0,0,0,0,0,0,0,0,22208,0,0,0,0,5,0,0,0,0,0,0,0,0,0,0,0,0,0,0,0,0,0,0,0,0,0,0,0,0,0,0,0,0,0,0,0,0,0,0,0,0,0,0,0,0,0,0,0,0,0,0,0,0,0,0,0,0,0,0,0,0,0,0,0,0,0,0,0,0,0,0,0,0,22208,0,0,0,0,0,0,0,0,0,0,0,0,0,0,0,0,0,0,0,1,0,0,0,0,0,0,1,1,0,0,0,0,0,0,0,0,0,0,0,0,0,0,0,0,0,0,0,0,0,0,0,0,0,0,0,0,0,0,0,0,0,0,0,0,0,0,0,0,0,0,0,0,0,0,0,0.0
699385,5864b7b5f50e1e6472dd6af6de1a95d4,2015-01-01,2200,0,2,1,1,1,0,0,2200,0,0,0,0,1,0,0,0,0,0,2200,0,0,0,0,0,0,0,0,0,0,0,2200,0,0,0,0,1,0,0,0,0,0,0,0,0,0,0,0,0,0,0,0,0,0,0,0,0,0,0,0,0,0,0,0,0,0,0,0,0,0,0,0,0,0,0,0,0,0,0,0,0,0,0,0,0,0,0,0,0,0,0,2200,0,0,0,0,0,0,0,0,0,0,0,0,0,0,0,0,0,0,0,0,0,0,0,0,0,0,0,0,0,0,0,0,0,0,0,0,0,0,0,1,1,1,0,1,0,0,0,0,0,0,0,1,0,0,0,0,0,0,0,0,0,0,0,0,0,0,0,0,0,0,0,0,0,0,0,0,0,0,0,0,0,0,0,0,0,0,0,0,0,0.0
444573,382bac2d4eb8ae58d0d79743dce25e1d,2016-01-01,5000,0,2,1,1,1,0,0,0,5000,0,0,0,0,1,0,0,0,0,0,5000,0,0,0,0,0,0,0,0,0,0,5000,0,0,0,0,1,0,0,0,0,0,0,0,0,0,0,0,0,0,0,0,0,0,0,0,0,0,0,0,0,0,0,0,0,0,0,0,0,0,0,0,0,0,0,0,0,0,0,0,0,0,0,0,0,0,0,0,0,0,0,0,0,5000,0,0,0,0,0,0,0,0,0,0,0,0,0,0,0,0,0,0,0,0,0,0,0,0,0,0,0,0,0,0,0,0,1,0,0,0,0,0,1,1,0,1,0,0,0,0,0,0,0,0,0,0,0,0,0,0,0,0,0,0,0,0,0,0,0,0,0,0,0,0,0,0,0,0,0,0,0,0,0,0,0,0,0,0,0,0,0,
1432945,b52d2e46b8d56c9b7b83082004c69d7e,2016-01-01,5000,0,2,1,1,1,0,0,0,5000,0,0,0,0,1,0,0,0,0,0,5000,0,0,0,0,0,0,0,0,0,0,5000,0,0,0,0,1,0,0,0,0,0,0,0,0,0,0,0,0,0,0,0,0,0,0,0,0,0,0,0,0,0,0,0,0,0,0,0,0,0,0,0,0,0,0,0,0,0,0,0,0,0,0,0,0,0,0,0,0,0,0,0,0,5000,0,0,0,0,0,0,0,0,0,0,0,0,0,0,0,0,0,0,0,0,0,0,0,0,0,0,0,0,0,0,0,0,1,0,0,0,0,0,1,1,0,1,0,0,0,0,0,0,0,0,0,0,0,0,0,0,0,0,0,0,0,0,0,0,0,0,0,0,0,0,0,0,0,0,0,0,0,0,0,0,0,0,0,0,0,0,0,0.0
1384526,af0dc0639236f16069b43febb4a9bad7,2015-01-01,2000,0,2,1,1,1,0,0,2000,0,0,0,0,1,0,0,0,0,0,2000,0,0,0,0,0,0,0,0,0,0,0,2000,0,0,0,0,1,0,0,0,0,0,0,0,0,0,0,0,0,0,0,0,0,0,0,0,0,0,0,0,0,0,0,0,0,0,0,0,0,0,0,0,0,0,0,0,0,0,0,0,0,0,0,0,0,0,0,0,0,0,2000,0,0,0,0,0,0,0,0,0,0,0,0,0,0,0,0,0,0,0,0,0,0,0,0,0,0,0,0,0,0,0,0,0,0,0,0,0,0,0,0,1,1,1,0,1,0,0,0,0,0,0,0,1,0,0,0,0,0,0,0,0,0,0,0,0,0,0,0,0,0,0,0,0,0,0,0,0,0,0,0,0,0,0,0,0,0,0,0,0,0,0.0
1230617,9b9bfb80bcc7e7f931b8060a244ba440,2016-01-01,10000,0,2,1,1,1,0,0,0,10000,0,0,0,0,1,0,0,0,0,0,10000,0,0,0,0,0,0,0,0,0,0,10000,0,0,0,0,1,0,0,0,0,0,0,0,0,0,0,0,0,0,0,0,0,0,0,0,0,0,0,0,0,0,0,0,0,0,0,0,0,0,0,0,0,0,0,0,0,0,0,0,0,0,0,0,0,0,0,0,0,0,0,0,0,0,0,0,0,0,0,10000,0,0,0,0,0,0,0,0,0,0,0,0,0,0,0,0,0,0,0,0,0,0,0,0,0,0,1,0,0,0,0,0,1,1,0,1,0,0,0,0,0,0,0,0,0,0,0,0,0,0,0,0,0,0,0,0,0,0,0,0,0,0,0,0,0,0,0,0,0,0,0,0,0,0,0,0,0,0,0,0,0,0.0
1873279,ecde22f98e9ec73f69e532cf6faa4055,2016-01-01,10390,0,3,2,2,2,0,0,0,49491,10390,0,0,0,3,2,0,0,0,0,0,0,0,0,0,0,0,0,0,0,39101,49491,10390,0,0,0,3,2,0,0,0,0,0,0,0,0,0,0,0,0,0,0,39101,0,0,0,0,0,0,0,0,0,0,0,0,0,0,0,0,0,0,0,0,0,0,0,0,0,0,0,0,0,0,0,0,0,0,0,0,0,0,0,0,0,0,0,0,0,0,0,0,0,0,49491,10390,0,0,0,0,0,0,0,0,0,0,0,0,0,0,0,0,0,0,0,0,0,0,1,0,0,0,0,1,0,1,0,1,0,0,0,0,0,0,0,0,0,0,0,0,0,0,0,0,0,0,0,0,0,0,0,0,0,0,0,0,0,0,0,0,0,0,0,0,0,0,0,0,0,0,0,0,0.0
54480,06d7ecfd868483d5872d42cb833d35b4,2018-01-01,0,0,1,1,1,1,0,0,0,0,0,0,0,0,0,0,0,0,0,0,0,0,0,0,0,0,0,0,0,0,0,5000,0,0,0,0,1,0,0,0,0,0,0,0,0,0,0,0,0,0,0,0,0,0,0,0,0,0,0,0,0,0,0,0,0,0,0,0,0,0,0,0,0,0,0,0,0,0,0,0,0,0,0,0,0,0,0,0,0,0,0,0,0,0,0,0,0,0,0,0,0,0,0,0,0,0,0,0,0,0,0,0,0,0,0,0,0,1,0,0,0,0,0,0,0,0,0,0,0,0,0,0,1,0,0,0,0,0,0,0,0,0,0,0,0,0,0,0,0,0,0,0,0,0,0,0,0,0,0,0,0,0,0,0,0,0,0,0,0,0,0,0,0,0,0,0,0,0,0,0,0,
475662,3c16f8850eeb1cbef53945b34a4a2140,2014-01-01,5000,0,2,1,1,1,0,5000,0,0,0,0,1,0,0,0,0,0,5000,0,0,0,0,0,0,0,0,0,0,0,0,5000,0,0,0,0,1,0,0,0,0,0,0,0,0,0,0,0,0,0,0,0,0,0,0,0,0,0,0,0,0,0,0,0,0,0,0,0,0,0,0,0,0,0,0,5000,0,0,0,0,0,0,0,0,0,0,0,0,0,0,0,0,0,0,0,0,0,0,0,0,0,0,0,0,0,0,0,0,0,0,0,0,0,0,0,0,0,0,0,0,0,0,0,0,0,0,0,0,0,0,0,1,1,1,0,1,0,0,0,0,0,0,0,1,0,0,0,0,0,0,1,0,0,0,0,0,0,0,0,0,0,0,0,0,0,0,0,0,0,0,0,0,0,0,0,0,0,0,0,0,0,
46699,05ddd7da93a48ae92e6a259c716c5355,2015-01-01,2500,0,2,1,1,1,0,0,2500,0,0,0,0,1,0,0,0,0,0,2500,0,0,0,0,0,0,0,0,0,0,0,2500,0,0,0,0,1,0,0,0,0,0,0,0,0,0,0,0,0,0,0,0,0,0,0,0,0,0,0,0,0,0,0,0,0,0,0,0,0,0,0,0,0,0,0,0,0,0,0,0,0,0,0,0,0,0,0,0,0,2500,0,0,0,0,0,0,0,0,0,0,0,0,0,0,0,0,0,0,0,0,0,0,0,0,0,0,0,0,0,0,0,0,0,0,0,0,0,0,0,0,0,1,1,1,0,1,0,0,0,0,0,0,0,1,0,0,0,0,0,0,0,0,0,0,0,0,0,0,0,0,0,0,0,0,0,0,0,0,0,0,0,0,0,0,0,0,0,0,0,0,0,
2014298,feb204cc817f2881436f25da20d0b1dd,2013-01-01,2500,0,2,1,1,1,2500,0,0,0,0,1,0,0,0,0,0,2500,0,0,0,0,0,0,0,0,0,0,0,0,0,2500,0,0,0,0,1,0,0,0,0,0,0,0,0,0,0,0,0,0,0,0,0,0,0,0,0,0,0,0,2500,0,0,0,0,0,0,0,0,0,0,0,0,0,0,0,0,0,0,0,0,0,0,0,0,0,0,0,0,0,0,0,0,0,0,0,0,0,0,0,0,0,0,0,0,0,0,0,0,0,0,0,0,0,0,0,0,0,0,0,0,0,0,0,0,0,0,0,0,0,0,1,1,1,0,1,0,0,0,0,0,0,0,1,0,0,0,0,0,0,1,0,0,0,0,0,0,0,0,0,0,0,0,1,0,0,0,0,0,0,0,0,0,0,0,0,0,0,0,0,0,0.0
1233505,9bfaf43569f9a96eed206378620d3ac9,2015-01-01,10000,0,2,1,1,1,0,0,10000,0,0,0,0,1,0,0,0,0,0,10000,0,0,0,0,0,0,0,0,0,0,0,10000,0,0,0,0,1,0,0,0,0,0,0,0,0,0,0,0,0,0,0,0,0,0,0,0,0,0,0,0,0,0,0,0,0,0,0,0,0,0,0,0,0,0,0,0,0,0,0,0,0,0,0,0,0,0,0,10000,0,0,0,0,0,0,0,0,0,0,0,0,0,0,0,0,0,0,0,0,0,0,0,0,0,0,0,0,0,0,0,0,0,0,0,0,0,0,0,0,0,0,0,1,1,1,0,1,0,0,0,0,0,0,0,1,0,0,0,0,0,0,0,0,0,0,0,0,0,0,0,0,0,0,0,0,0,0,0,0,0,0,0,0,0,0,0,0,0,0,0,0,0,0.0
1623165,cd3c0e2d0a2ee37ed8df35e363a71cf3,2017-01-01,5000,0,2,1,1,1,0,0,0,0,5000,0,0,0,0,1,0,0,0,0,0,0,0,0,0,0,0,0,0,0,0,5000,0,0,0,0,1,0,0,0,0,0,0,0,0,0,0,0,0,0,0,0,0,0,0,0,0,0,0,0,0,0,0,0,0,0,0,0,0,0,0,0,0,0,0,0,0,0,0,0,0,0,0,0,0,0,0,0,0,0,0,0,0,0,0,0,0,0,0,0,0,0,0,0,0,0,0,0,0,0,0,0,0,0,5000,0,0,0,0,0,0,0,0,0,0,1,0,0,0,0,0,0,1,1,0,0,0,0,0,0,0,0,0,0,0,0,0,0,0,0,0,0,0,0,0,0,0,0,0,0,0,0,0,0,0,0,0,0,0,0,0,0,0,0,0,0,0,0,0,0,0,0.0
1814953,e580990c48defc40917878836bea6a08,2016-01-01,67667,0,3,2,2,2,0,0,0,5000,67667,0,0,0,1,7,0,0,0,0,0,0,0,0,0,62667,0,0,0,0,0,5000,67667,0,0,0,1,7,0,0,0,0,0,0,0,0,0,62667,0,0,0,0,0,0,0,0,0,0,0,0,0,0,0,0,0,0,0,0,0,0,0,0,0,0,0,0,0,0,0,0,0,0,0,0,0,0,0,0,0,0,0,0,0,0,0,0,0,0,0,0,5000,0,0,0,10000,0,0,0,9274,0,0,38393,0,0,0,10000,0,0,0,0,0,0,0,0,0,0,0,1,0,0,0,0,1,0,1,0,1,0,0,0,0,0,0,0,0,0,0,0,0,0,0,0,0,0,0,0,0,0,0,0,0,0,0,0,0,0,0,0,0,0,0,0,0,0,0,0,0,0,0,0,0,0.0
234589,1da9141420391a33f6069517e0dae4e3,2014-01-01,12500,0,4,3,3,3,0,12213,600,12500,0,0,2,1,2,0,0,0,0,0,12500,0,0,0,11900,0,0,0,11613,0,0,12213,600,12500,0,0,2,1,2,0,0,0,0,0,0,0,0,0,11900,0,0,0,11613,0,0,0,0,0,0,0,0,0,0,0,0,0,0,0,0,0,0,0,0,0,0,0,9713,0,0,2500,600,0,0,0,0,0,0,0,0,0,0,0,0,0,0,0,0,0,0,0,5000,0,7500,0,0,0,0,0,0,0,0,0,0,0,0,0,0,0,0,0,0,0,0,0,0,0,0,0,0,1,0,0,1,0,1,0,0,1,0,0,0,0,0,0,1,0,0,0,0,0,0,1,0,0,0,0,0,0,0,0,0,0,0,0,0,0,0,0,0,0,0,0,0,0,0,0,0,0,0,0,0,
1014098,8034035aa2d45a99b8870c0fe244de67,2016-01-01,2500,0,2,1,1,1,0,0,0,2500,0,0,0,0,1,0,0,0,0,0,2500,0,0,0,0,0,0,0,0,0,0,2500,0,0,0,0,1,0,0,0,0,0,0,0,0,0,0,0,0,0,0,0,0,0,0,0,0,0,0,0,0,0,0,0,0,0,0,0,0,0,0,0,0,0,0,0,0,0,0,0,0,0,0,0,0,0,0,0,0,0,0,0,0,0,0,0,0,2500,0,0,0,0,0,0,0,0,0,0,0,0,0,0,0,0,0,0,0,0,0,0,0,0,0,0,0,0,1,0,0,0,0,0,1,1,0,1,0,0,0,0,0,0,0,0,0,0,0,0,0,0,0,0,0,0,0,0,0,0,0,0,0,0,0,0,0,0,0,0,0,0,0,0,0,0,0,0,0,0,0,0,0,0.0
1596406,c9dc97b8c5067b74b2322132b7b8ebfe,2015-01-01,8000,0,2,1,1,1,0,0,8000,0,0,0,0,2,0,0,0,0,0,8000,0,0,0,0,0,0,0,0,0,0,0,8000,0,0,0,0,2,0,0,0,0,0,0,0,0,0,0,0,0,0,0,0,0,0,0,0,0,0,0,0,0,0,0,0,0,0,0,0,0,0,0,0,0,0,0,0,0,0,0,0,4000,0,4000,0,0,0,0,0,0,0,0,0,0,0,0,0,0,0,0,0,0,0,0,0,0,0,0,0,0,0,0,0,0,0,0,0,0,0,0,0,0,0,0,0,0,0,0,0,0,0,0,1,1,1,0,1,0,0,0,0,0,0,0,1,0,0,0,0,0,0,0,0,0,0,0,0,0,0,0,0,0,0,0,0,0,0,0,0,0,0,0,0,0,0,0,0,0,0,0,0,0,0.0
1158723,92820e6b4eda6bb801e0924a6bdda1f9,2018-01-01,0,0,1,1,1,1,0,0,0,0,0,0,0,0,0,0,0,0,0,0,0,0,0,0,0,0,0,0,0,0,0,500,0,0,0,0,1,0,0,0,0,0,0,0,0,0,0,0,0,0,0,0,0,0,0,0,0,0,0,0,0,0,0,0,0,0,0,0,0,0,0,0,0,0,0,0,0,0,0,0,0,0,0,0,0,0,0,0,0,0,0,0,0,0,0,0,0,0,0,0,0,0,0,0,0,0,0,0,0,0,0,0,0,0,0,0,0,1,0,0,0,0,0,0,0,0,0,0,0,0,0,0,1,0,0,0,0,0,0,0,0,0,0,0,0,0,0,0,0,0,0,0,0,0,0,0,0,0,0,0,0,0,0,0,0,0,0,0,0,0,0,0,0,0,0,0,0,0,0,0,0,0.0
749394,5ead92192310672b65a6f169f677cd31,2018-01-01,0,0,1,1,1,1,0,0,0,0,0,0,0,0,0,0,0,0,0,0,0,0,0,0,0,0,0,0,0,0,0,5000,0,0,0,0,1,0,0,0,0,0,0,0,0,0,0,0,0,0,0,0,0,0,0,0,0,0,0,0,0,0,0,0,0,0,0,0,0,0,0,0,0,0,0,0,0,0,0,0,0,0,0,0,0,0,0,0,0,0,0,0,0,0,0,0,0,0,0,0,0,0,0,0,0,0,0,0,0,0,0,0,0,0,0,0,0,1,0,0,0,0,0,0,0,0,0,0,0,0,0,0,1,0,0,0,0,0,0,0,0,0,0,0,0,0,0,0,0,0,0,0,0,0,0,0,0,0,0,0,0,0,0,0,0,0,0,0,0,0,0,0,0,0,0,0,0,0,0,0,0,0.0
1573317,c6ecbced58302a7e1837bb58707f3470,2016-01-01,5500,0,2,1,1,1,0,0,0,5500,0,0,0,0,2,0,0,0,0,0,5500,0,0,0,0,0,0,0,0,0,0,5500,0,0,0,0,2,0,0,0,0,0,0,0,0,0,0,0,0,0,0,0,0,0,0,0,0,0,0,0,0,0,0,0,0,0,0,0,0,0,0,0,0,0,0,0,0,0,0,0,0,0,0,0,0,0,0,0,0,0,0,0,0,0,0,0,0,0,0,0,3000,0,0,2500,0,0,0,0,0,0,0,0,0,0,0,0,0,0,0,0,0,0,0,0,0,0,1,0,0,0,0,0,1,1,0,1,0,0,0,0,0,0,0,0,0,0,0,0,0,0,0,0,0,0,0,0,0,0,0,0,0,0,0,0,0,0,0,0,0,0,0,0,0,0,0,0,0,0,0,0,0,0.0
1518708,c009b196245608640f8d98a8b4f97237,2014-01-01,500,0,2,1,1,1,0,500,0,0,0,0,1,0,0,0,0,0,500,0,0,0,0,0,0,0,0,0,0,0,0,500,0,0,0,0,1,0,0,0,0,0,0,0,0,0,0,0,0,0,0,0,0,0,0,0,0,0,0,0,0,0,0,0,0,0,0,0,0,0,0,0,0,0,0,0,500,0,0,0,0,0,0,0,0,0,0,0,0,0,0,0,0,0,0,0,0,0,0,0,0,0,0,0,0,0,0,0,0,0,0,0,0,0,0,0,0,0,0,0,0,0,0,0,0,0,0,0,0,0,0,1,1,1,0,1,0,0,0,0,0,0,0,1,0,0,0,0,0,0,1,0,0,0,0,0,0,0,0,0,0,0,0,0,0,0,0,0,0,0,0,0,0,0,0,0,0,0,0,0,0,0.0
1270848,a0b0c9aa6ac24ceec970acbc3a691ad1,2016-01-01,10000,0,2,1,1,1,0,0,0,10000,0,0,0,0,1,0,0,0,0,0,10000,0,0,0,0,0,0,0,0,0,0,10000,0,0,0,0,1,0,0,0,0,0,0,0,0,0,0,0,0,0,0,0,0,0,0,0,0,0,0,0,0,0,0,0,0,0,0,0,0,0,0,0,0,0,0,0,0,0,0,0,0,0,0,0,0,0,0,0,0,0,0,0,0,0,0,0,0,0,0,0,0,0,0,10000,0,0,0,0,0,0,0,0,0,0,0,0,0,0,0,0,0,0,0,0,0,0,1,0,0,0,0,0,1,1,0,1,0,0,0,0,0,0,0,0,0,0,0,0,0,0,0,0,0,0,0,0,0,0,0,0,0,0,0,0,0,0,0,0,0,0,0,0,0,0,0,0,0,0,0,0,0,0.0
711342,59e4e7d0ca4963a7f259f01d8e8824c8,2016-01-01,2500,0,3,2,2,2,0,0,0,36141,2500,0,0,0,4,1,0,0,0,0,0,0,0,0,0,0,0,0,0,0,33641,36141,2500,0,0,0,4,1,0,0,0,0,0,0,0,0,0,0,0,0,0,0,33641,0,0,0,0,0,0,0,0,0,0,0,0,0,0,0,0,0,0,0,0,0,0,0,0,0,0,0,0,0,0,0,0,0,0,0,0,0,0,0,18741,0,0,0,0,5000,9900,0,0,2500,0,0,0,0,0,0,0,0,0,0,0,0,2500,0,0,0,0,0,0,0,0,0,0,0,0,1,0,0,0,0,1,0,1,0,1,0,0,0,0,0,0,0,0,0,0,0,0,0,0,0,0,0,0,0,0,0,0,0,0,0,0,0,0,0,0,0,0,0,0,0,0,0,0,0,0,0,0,0,0,0.0
1115271,8cfe4c4f93f4d84d30c106536c1c3331,2014-01-01,5000,0,2,1,1,1,0,5000,0,0,0,0,1,0,0,0,0,0,5000,0,0,0,0,0,0,0,0,0,0,0,0,5000,0,0,0,0,1,0,0,0,0,0,0,0,0,0,0,0,0,0,0,0,0,0,0,0,0,0,0,0,0,0,0,0,0,0,0,0,0,0,0,0,0,0,0,5000,0,0,0,0,0,0,0,0,0,0,0,0,0,0,0,0,0,0,0,0,0,0,0,0,0,0,0,0,0,0,0,0,0,0,0,0,0,0,0,0,0,0,0,0,0,0,0,0,0,0,0,0,0,0,0,1,1,1,0,1,0,0,0,0,0,0,0,1,0,0,0,0,0,0,1,0,0,0,0,0,0,0,0,0,0,0,0,0,0,0,0,0,0,0,0,0,0,0,0,0,0,0,0,0,0,0.0
830277,68eef73a967bc93befbf1880091effc5,2014-01-01,2500,0,2,1,1,1,0,2500,0,0,0,0,1,0,0,0,0,0,2500,0,0,0,0,0,0,0,0,0,0,0,0,2500,0,0,0,0,1,0,0,0,0,0,0,0,0,0,0,0,0,0,0,0,0,0,0,0,0,0,0,0,0,0,0,0,0,0,0,0,0,2500,0,0,0,0,0,0,0,0,0,0,0,0,0,0,0,0,0,0,0,0,0,0,0,0,0,0,0,0,0,0,0,0,0,0,0,0,0,0,0,0,0,0,0,0,0,0,0,0,0,0,0,0,0,0,0,0,0,0,0,0,0,1,1,1,0,1,0,0,0,0,0,0,0,1,0,0,0,0,0,0,1,0,0,0,0,0,0,0,0,0,0,0,0,0,0,0,0,0,0,0,0,0,0,0,0,0,0,0,0,0,0,0.0
1396699,b093fd24ed31763f4b80ce259e8ea822,2015-01-01,2500,0,2,1,1,1,0,0,2500,0,0,0,0,1,0,0,0,0,0,2500,0,0,0,0,0,0,0,0,0,0,0,2500,0,0,0,0,1,0,0,0,0,0,0,0,0,0,0,0,0,0,0,0,0,0,0,0,0,0,0,0,0,0,0,0,0,0,0,0,0,0,0,0,0,0,0,0,0,0,0,0,0,2500,0,0,0,0,0,0,0,0,0,0,0,0,0,0,0,0,0,0,0,0,0,0,0,0,0,0,0,0,0,0,0,0,0,0,0,0,0,0,0,0,0,0,0,0,0,0,0,0,0,1,1,1,0,1,0,0,0,0,0,0,0,1,0,0,0,0,0,0,0,0,0,0,0,0,0,0,0,0,0,0,0,0,0,0,0,0,0,0,0,0,0,0,0,0,0,0,0,0,0,0.0
1801014,e3bbd8d1e1bbf87d14be5e1d60f3835a,2016-01-01,2500,0,2,1,1,1,0,0,0,2500,0,0,0,0,1,0,0,0,0,0,2500,0,0,0,0,0,0,0,0,0,0,2500,0,0,0,0,1,0,0,0,0,0,0,0,0,0,0,0,0,0,0,0,0,0,0,0,0,0,0,0,0,0,0,0,0,0,0,0,0,0,0,0,0,0,0,0,0,0,0,0,0,0,0,0,0,0,0,0,0,0,0,0,0,0,0,0,0,0,0,2500,0,0,0,0,0,0,0,0,0,0,0,0,0,0,0,0,0,0,0,0,0,0,0,0,0,0,1,0,0,0,0,0,1,1,0,1,0,0,0,0,0,0,0,0,0,0,0,0,0,0,0,0,0,0,0,0,0,0,0,0,0,0,0,0,0,0,0,0,0,0,0,0,0,0,0,0,0,0,0,0,0,0.0
314379,27b1949b4899f3ae8ccecc976f54a3db,2013-01-01,7500,0,2,1,1,1,7500,0,0,0,0,1,0,0,0,0,0,7500,0,0,0,0,0,0,0,0,0,0,0,0,0,7500,0,0,0,0,1,0,0,0,0,0,0,0,0,0,0,0,0,0,0,0,0,0,0,0,0,0,0,0,0,0,0,0,0,0,7500,0,0,0,0,0,0,0,0,0,0,0,0,0,0,0,0,0,0,0,0,0,0,0,0,0,0,0,0,0,0,0,0,0,0,0,0,0,0,0,0,0,0,0,0,0,0,0,0,0,0,0,0,0,0,0,0,0,0,0,0,0,0,0,0,1,1,1,0,1,0,0,0,0,0,0,0,1,0,0,0,0,0,0,1,0,0,0,0,0,0,0,0,0,0,0,0,1,0,0,0,0,0,0,0,0,0,0,0,0,0,0,0,0,0,
1965453,f8877721129224e42dde65e0cfa13c4a,2015-01-01,9900,0,2,1,1,1,0,0,9900,0,0,0,0,1,0,0,0,0,0,9900,0,0,0,0,0,0,0,0,0,0,0,9900,0,0,0,0,1,0,0,0,0,0,0,0,0,0,0,0,0,0,0,0,0,0,0,0,0,0,0,0,0,0,0,0,0,0,0,0,0,0,0,0,0,0,0,0,0,0,0,0,0,0,9900,0,0,0,0,0,0,0,0,0,0,0,0,0,0,0,0,0,0,0,0,0,0,0,0,0,0,0,0,0,0,0,0,0,0,0,0,0,0,0,0,0,0,0,0,0,0,0,0,1,1,1,0,1,0,0,0,0,0,0,0,1,0,0,0,0,0,0,0,0,0,0,0,0,0,0,0,0,0,0,0,0,0,0,0,0,0,0,0,0,0,0,0,0,0,0,0,0,0,0.0
827707,689d0ea26d05c141928707851434f300,2015-01-01,5000,0,2,1,1,1,0,0,5000,0,0,0,0,1,0,0,0,0,0,5000,0,0,0,0,0,0,0,0,0,0,0,5000,0,0,0,0,1,0,0,0,0,0,0,0,0,0,0,0,0,0,0,0,0,0,0,0,0,0,0,0,0,0,0,0,0,0,0,0,0,0,0,0,0,0,0,0,0,0,0,0,0,0,0,0,0,0,0,5000,0,0,0,0,0,0,0,0,0,0,0,0,0,0,0,0,0,0,0,0,0,0,0,0,0,0,0,0,0,0,0,0,0,0,0,0,0,0,0,0,0,0,0,1,1,1,0,1,0,0,0,0,0,0,0,1,0,0,0,0,0,0,0,0,0,0,0,0,0,0,0,0,0,0,0,0,0,0,0,0,0,0,0,0,0,0,0,0,0,0,0,0,0,0.0
1649584,d09b3173dc372af44488c785206fa1ae,2016-01-01,2500,0,2,1,1,1,0,0,0,2500,0,0,0,0,1,0,0,0,0,0,2500,0,0,0,0,0,0,0,0,0,0,2500,0,0,0,0,1,0,0,0,0,0,0,0,0,0,0,0,0,0,0,0,0,0,0,0,0,0,0,0,0,0,0,0,0,0,0,0,0,0,0,0,0,0,0,0,0,0,0,0,0,0,0,0,0,0,0,0,0,0,0,0,0,0,0,0,0,0,0,0,0,0,2500,0,0,0,0,0,0,0,0,0,0,0,0,0,0,0,0,0,0,0,0,0,0,0,1,0,0,0,0,0,1,1,0,1,0,0,0,0,0,0,0,0,0,0,0,0,0,0,0,0,0,0,0,0,0,0,0,0,0,0,0,0,0,0,0,0,0,0,0,0,0,0,0,0,0,0,0,0,0,0.0
61938,07c9035730a33b7a7bc24f05034af30b,2017-01-01,2500,0,2,1,1,1,0,0,0,0,2500,0,0,0,0,1,0,0,0,0,0,0,0,0,0,0,0,0,0,0,0,2500,0,0,0,0,1,0,0,0,0,0,0,0,0,0,0,0,0,0,0,0,0,0,0,0,0,0,0,0,0,0,0,0,0,0,0,0,0,0,0,0,0,0,0,0,0,0,0,0,0,0,0,0,0,0,0,0,0,0,0,0,0,0,0,0,0,0,0,0,0,0,0,0,0,0,0,0,0,0,0,2500,0,0,0,0,0,0,0,0,0,0,0,0,0,1,0,0,0,0,0,0,1,1,0,0,0,0,0,0,0,0,0,0,0,0,0,0,0,0,0,0,0,0,0,0,0,0,0,0,0,0,0,0,0,0,0,0,0,0,0,0,0,0,0,0,0,0,0,0,0,
917758,73ffa2ea97dfa556c7991102f43fd2b1,2017-01-01,3000,0,2,1,1,1,0,0,0,0,3000,0,0,0,0,1,0,0,0,0,0,0,0,0,0,0,0,0,0,0,0,3000,0,0,0,0,1,0,0,0,0,0,0,0,0,0,0,0,0,0,0,0,0,0,0,0,0,0,0,0,0,0,0,0,0,0,0,0,0,0,0,0,0,0,0,0,0,0,0,0,0,0,0,0,0,0,0,0,0,0,0,0,0,0,0,0,0,0,0,0,0,0,0,0,3000,0,0,0,0,0,0,0,0,0,0,0,0,0,0,0,0,0,0,0,0,1,0,0,0,0,0,0,1,1,0,0,0,0,0,0,0,0,0,0,0,0,0,0,0,0,0,0,0,0,0,0,0,0,0,0,0,0,0,0,0,0,0,0,0,0,0,0,0,0,0,0,0,0,0,0,0,0.0
1738931,dbde74417bcc666f5ed8b759fb26730b,2013-01-01,5000,0,2,1,1,1,5000,0,0,0,0,2,0,0,0,0,0,5000,0,0,0,0,0,0,0,0,0,0,0,0,0,5000,0,0,0,0,2,0,0,0,0,0,0,0,0,0,0,0,0,0,0,0,0,0,0,0,0,0,0,2500,0,0,0,0,0,0,0,2500,0,0,0,0,0,0,0,0,0,0,0,0,0,0,0,0,0,0,0,0,0,0,0,0,0,0,0,0,0,0,0,0,0,0,0,0,0,0,0,0,0,0,0,0,0,0,0,0,0,0,0,0,0,0,0,0,0,0,0,0,0,0,0,1,1,1,0,1,0,0,0,0,0,0,0,1,0,0,0,0,0,0,1,0,0,0,0,0,0,0,0,0,0,0,0,1,0,0,0,0,0,0,0,0,0,0,0,0,0,0,0,0,0,0.0
1422326,b3d04da960fb0941d7827acc9f7cc6b3,2017-01-01,5000,0,2,1,1,1,0,0,0,0,5000,0,0,0,0,1,0,0,0,0,0,0,0,0,0,0,0,0,0,0,0,5000,0,0,0,0,1,0,0,0,0,0,0,0,0,0,0,0,0,0,0,0,0,0,0,0,0,0,0,0,0,0,0,0,0,0,0,0,0,0,0,0,0,0,0,0,0,0,0,0,0,0,0,0,0,0,0,0,0,0,0,0,0,0,0,0,0,0,0,0,0,0,0,0,0,0,0,0,0,0,0,0,5000,0,0,0,0,0,0,0,0,0,0,0,0,1,0,0,0,0,0,0,1,1,0,0,0,0,0,0,0,0,0,0,0,0,0,0,0,0,0,0,0,0,0,0,0,0,0,0,0,0,0,0,0,0,0,0,0,0,0,0,0,0,0,0,0,0,0,0,0,0.0
262815,2133a44028bf6a1ac681f111a2aa42af,2018-01-01,0,0,1,1,1,1,0,0,0,0,0,0,0,0,0,0,0,0,0,0,0,0,0,0,0,0,0,0,0,0,0,2500,0,0,0,0,1,0,0,0,0,0,0,0,0,0,0,0,0,0,0,0,0,0,0,0,0,0,0,0,0,0,0,0,0,0,0,0,0,0,0,0,0,0,0,0,0,0,0,0,0,0,0,0,0,0,0,0,0,0,0,0,0,0,0,0,0,0,0,0,0,0,0,0,0,0,0,0,0,0,0,0,0,0,0,0,0,1,0,0,0,0,0,0,0,0,0,0,0,0,0,0,1,0,0,0,0,0,0,0,0,0,0,0,0,0,0,0,0,0,0,0,0,0,0,0,0,0,0,0,0,0,0,0,0,0,0,0,0,0,0,0,0,0,0,0,0,0,0,0,0,
